\BOOKMARK [-1][-]{part.1}{\376\377\000I\000\040\000A\000n\000a\000l\000y\000s\000i\000s\000\040\000i\000n\000\040\000O\000n\000e\000\040\000V\000a\000r\000i\000a\000b\000l\000e\000s}{}% 1
\BOOKMARK [0][-]{chapter.1}{\376\377\000C\000o\000n\000t\000i\000n\000u\000o\000u\000s\000\040\000F\000u\000n\000c\000t\000i\000o\000n\000\040\000o\000n\000\040\000R\000,\000L\000i\000m\000i\000t\000s\000\040\000o\000f\000\040\000F\000u\000n\000c\000t\000i\000o\000n}{part.1}% 2
\BOOKMARK [1][-]{section.1.1}{\376\377\000S\000e\000q\000u\000e\000n\000c\000e}{chapter.1}% 3
\BOOKMARK [2][-]{subsection.1.1.1}{\376\377\000C\000l\000u\000s\000t\000e\000r\000\040\000P\000o\000i\000n\000t\000s}{section.1.1}% 4
\BOOKMARK [2][-]{subsection.1.1.2}{\376\377\000C\000o\000n\000v\000e\000r\000g\000e\000n\000c\000e}{section.1.1}% 5
\BOOKMARK [2][-]{subsection.1.1.3}{\376\377\000M\000o\000n\000o\000t\000o\000n\000e\000\040\000S\000e\000q\000u\000e\000n\000c\000e}{section.1.1}% 6
\BOOKMARK [2][-]{subsection.1.1.4}{\376\377\000S\000u\000b\000s\000e\000q\000u\000e\000n\000c\000e}{section.1.1}% 7
\BOOKMARK [2][-]{subsection.1.1.5}{\376\377\000C\000a\000u\000c\000h\000y\000\040\000S\000e\000q\000u\000e\000n\000c\000e}{section.1.1}% 8
\BOOKMARK [2][-]{subsection.1.1.6}{\376\377\000S\000e\000r\000i\000e\000s}{section.1.1}% 9
\BOOKMARK [2][-]{subsection.1.1.7}{\376\377\000P\000o\000w\000e\000r\000\040\000S\000e\000r\000i\000e\000s}{section.1.1}% 10
\BOOKMARK [2][-]{subsection.1.1.8}{\376\377\000R\000i\000e\000m\000a\000n\000n\000'\000s\000\040\000S\000e\000q\000u\000e\000n\000c\000e\000\040\000T\000h\000e\000o\000r\000e\000m}{section.1.1}% 11
\BOOKMARK [2][-]{subsection.1.1.9}{\376\377\000F\000u\000b\000i\000n\000i\000'\000s\000\040\000T\000h\000e\000o\000r\000e\000m\000,\000T\000o\000n\000e\000l\000l\000i\000'\000s\000\040\000T\000h\000e\000o\000r\000e\000m}{section.1.1}% 12
\BOOKMARK [2][-]{subsection.1.1.10}{\376\377\000L\000'\000H\000o\000s\000p\000i\000t\000a\000l\000'\000s\000\040\000L\000a\000w}{section.1.1}% 13
\BOOKMARK [2][-]{subsection.1.1.11}{\376\377\000I\000n\000f\000i\000n\000i\000t\000e\000\040\000P\000r\000o\000d\000u\000c\000t}{section.1.1}% 14
\BOOKMARK [1][-]{section.1.2}{\376\377\000L\000i\000m\000i\000t\000\040\000o\000f\000\040\000F\000u\000n\000c\000t\000i\000o\000n\000s}{chapter.1}% 15
\BOOKMARK [1][-]{section.1.3}{\376\377\000C\000o\000n\000t\000i\000n\000u\000o\000u\000s\000\040\000F\000u\000n\000c\000t\000i\000o\000n\000s\000\040\000o\000n\000\040\000R}{chapter.1}% 16
\BOOKMARK [2][-]{subsection.1.3.1}{\376\377\000I\000n\000t\000e\000r\000m\000e\000d\000i\000a\000t\000e\000\040\000V\000a\000l\000u\000e\000\040\000T\000h\000e\000o\000r\000e\000m}{section.1.3}% 17
\BOOKMARK [2][-]{subsection.1.3.2}{\376\377\000E\000x\000t\000r\000e\000m\000e\000\040\000V\000a\000l\000u\000e\000\040\000T\000h\000e\000o\000r\000e\000m}{section.1.3}% 18
\BOOKMARK [2][-]{subsection.1.3.3}{\376\377\000t\000i\000t\000l\000e}{section.1.3}% 19
\BOOKMARK [0][-]{chapter.2}{\376\377\000D\000e\000r\000i\000v\000a\000t\000i\000v\000e}{part.1}% 20
\BOOKMARK [1][-]{section.2.1}{\376\377\000D\000e\000r\000i\000v\000a\000t\000i\000v\000e\000s}{chapter.2}% 21
\BOOKMARK [0][-]{chapter.3}{\376\377\000I\000n\000t\000e\000g\000r\000a\000t\000i\000o\000n}{part.1}% 22
\BOOKMARK [1][-]{section.3.1}{\376\377\000A\000n\000t\000i\000d\000e\000r\000i\000v\000a\000t\000i\000v\000e}{chapter.3}% 23
\BOOKMARK [2][-]{subsection.3.1.1}{\376\377\000P\000a\000r\000t\000i\000a\000l\000\040\000I\000n\000t\000e\000g\000r\000a\000t\000i\000o\000n}{section.3.1}% 24
\BOOKMARK [1][-]{section.3.2}{\376\377\000R\000i\000e\000m\000a\000n\000n\000i\000a\000n\000\040\000I\000n\000t\000e\000g\000r\000a\000t\000i\000o\000n}{chapter.3}% 25
\BOOKMARK [2][-]{subsection.3.2.1}{\376\377\000t\000i\000t\000l\000e}{section.3.2}% 26
\BOOKMARK [1][-]{section.3.3}{\376\377\000T\000h\000e\000o\000r\000e\000m\000s\000\040\000o\000f\000\040\000I\000n\000t\000e\000g\000r\000a\000t\000i\000o\000n\000\040\000i\000n\000\040\000O\000n\000e\000\040\000V\000a\000r\000i\000a\000b\000l\000e}{chapter.3}% 27
\BOOKMARK [2][-]{subsection.3.3.1}{\376\377\000N\000e\000w\000t\000o\000n\000-\000L\000e\000b\000n\000i\000t\000z\000\040\000T\000h\000e\000o\000r\000e\000m}{section.3.3}% 28
\BOOKMARK [2][-]{subsection.3.3.2}{\376\377\000I\000n\000t\000e\000g\000r\000a\000t\000i\000o\000n\000s\000\040\000I\000n\000t\000e\000r\000m\000e\000d\000i\000a\000t\000e\000\040\000V\000a\000l\000u\000e\000\040\000T\000h\000e\000o\000r\000e\000m}{section.3.3}% 29
\BOOKMARK [1][-]{section.3.4}{\376\377\000I\000n\000d\000e\000f\000i\000n\000i\000t\000e\000\040\000I\000n\000t\000e\000g\000r\000a\000t\000i\000o\000n}{chapter.3}% 30
\BOOKMARK [1][-]{section.3.5}{\376\377\000S\000u\000m\000m\000e\000\040\000a\000n\000d\000\040\000I\000n\000t\000e\000g\000r\000a\000t\000i\000o\000n}{chapter.3}% 31
\BOOKMARK [0][-]{chapter.4}{\376\377\000D\000i\000s\000c\000c\000u\000s\000i\000o\000n\000\040\000o\000f\000\040\000S\000e\000r\000i\000e\000s\000\040\000a\000n\000d\000\040\000I\000n\000f\000i\000n\000i\000t\000e\000\040\000P\000r\000o\000d\000u\000c\000t\000,\000\040\000i\000n\000\040\000t\000h\000e\000\040\000C\000a\000t\000e\000g\000o\000r\000y\000\040\000o\000f\000\040\000A\000n\000a\000l\000y\000s\000i\000s\000\040\000i\000n\000\040\000O\000n\000e\000\040\000V\000a\000r\000i\000a\000b\000l\000e}{part.1}% 32
\BOOKMARK [0][-]{chapter.5}{\376\377\000O\000D\000E}{part.1}% 33
\BOOKMARK [1][-]{section.5.1}{\376\377\000t\000i\000t\000l\000e}{chapter.5}% 34
\BOOKMARK [-1][-]{part.2}{\376\377\000I\000I\000\040\000A\000n\000a\000l\000y\000s\000i\000s\000\040\000i\000n\000\040\000M\000u\000l\000t\000i\000v\000a\000r\000i\000a\000b\000l\000e\000s\000,\000\040\000a\000n\000d\000\040\000t\000h\000e\000\040\000D\000i\000f\000f\000e\000r\000e\000n\000t\000i\000a\000l\000\040\000M\000a\000n\000i\000f\000o\000l\000d}{}% 35
\BOOKMARK [-1][-]{part.3}{\376\377\000I\000I\000I\000\040\000T\000o\000p\000o\000l\000o\000g\000i\000c\000a\000l\000\040\000M\000a\000n\000i\000f\000o\000l\000d\000s}{}% 36
\BOOKMARK [-1][-]{part.4}{\376\377\000I\000V\000\040\000D\000i\000f\000f\000e\000r\000e\000n\000t\000i\000a\000l\000\040\000T\000o\000p\000o\000l\000o\000g\000y}{}% 37
\BOOKMARK [-1][-]{part.5}{\376\377\000V\000\040\000G\000e\000o\000m\000e\000t\000r\000i\000c\000\040\000T\000o\000p\000o\000l\000o\000g\000y}{}% 38
\BOOKMARK [-1][-]{part.6}{\376\377\000V\000I\000\040\000S\000m\000o\000o\000t\000h\000\040\000M\000a\000n\000i\000f\000o\000l\000d}{}% 39
\BOOKMARK [0][-]{chapter.6}{\376\377\000S\000m\000o\000o\000t\000h\000\040\000M\000a\000n\000i\000f\000o\000l\000d}{part.6}% 40
\BOOKMARK [1][-]{section.6.1}{\376\377\000D\000e\000f\000i\000n\000i\000t\000i\000o\000n\000s}{chapter.6}% 41
\BOOKMARK [2][-]{subsection.6.1.1}{\376\377\000S\000m\000o\000o\000t\000h\000\040\000F\000u\000n\000c\000t\000i\000o\000n\000s}{section.6.1}% 42
\BOOKMARK [2][-]{subsection.6.1.2}{\376\377\000C\000o\000n\000s\000t\000r\000u\000c\000t\000i\000o\000n\000\040\000o\000f\000\040\000S\000m\000o\000o\000t\000h\000\040\000M\000a\000n\000i\000f\000o\000l\000d}{section.6.1}% 43
\BOOKMARK [1][-]{section.6.2}{\376\377\000S\000m\000o\000o\000t\000h\000\040\000F\000u\000n\000c\000t\000i\000o\000n\000s\000\040\000a\000n\000d\000\040\000S\000m\000o\000o\000t\000h\000\040\000M\000a\000p\000s}{chapter.6}% 44
\BOOKMARK [2][-]{subsection.6.2.1}{\376\377\000D\000e\000f\000i\000n\000i\000t\000i\000o\000n\000s}{section.6.2}% 45
\BOOKMARK [2][-]{subsection.6.2.2}{\376\377\000D\000i\000f\000f\000e\000o\000m\000o\000r\000p\000h\000i\000s\000m\000s}{section.6.2}% 46
\BOOKMARK [1][-]{section.6.3}{\376\377\000S\000m\000o\000o\000t\000h\000\040\000C\000o\000v\000e\000r\000i\000n\000g\000\040\000M\000a\000p\000s}{chapter.6}% 47
\BOOKMARK [1][-]{section.6.4}{\376\377\000P\000r\000o\000p\000e\000r\000\040\000M\000a\000p\000s}{chapter.6}% 48
\BOOKMARK [1][-]{section.6.5}{\376\377\000P\000a\000r\000t\000i\000t\000i\000o\000n\000\040\000U\000n\000i\000t\000y}{chapter.6}% 49
\BOOKMARK [0][-]{chapter.7}{\376\377\000T\000a\000n\000g\000e\000n\000t\000\040\000S\000p\000a\000c\000e\000s}{part.6}% 50
\BOOKMARK [1][-]{section.7.1}{\376\377\000T\000a\000n\000g\000e\000n\000t\000\040\000V\000e\000c\000t\000o\000r\000s}{chapter.7}% 51
\BOOKMARK [2][-]{subsection.7.1.1}{\376\377\000D\000e\000r\000i\000v\000a\000t\000i\000v\000e\000\040\000o\000n\000\040\000O\000p\000e\000n\000s}{section.7.1}% 52
\BOOKMARK [2][-]{subsection.7.1.2}{\376\377\000F\000o\000r\000m\000e\000l\000\040\000D\000e\000r\000i\000v\000a\000t\000i\000o\000n\000s}{section.7.1}% 53
\BOOKMARK [2][-]{subsection.7.1.3}{\376\377\000T\000a\000n\000g\000e\000n\000t\000\040\000V\000e\000c\000t\000o\000r\000s\000\040\000o\000n\000\040\000a\000\040\000M\000a\000n\000i\000f\000o\000l\000d}{section.7.1}% 54
\BOOKMARK [2][-]{subsection.7.1.4}{\376\377\000P\000u\000s\000h\000f\000o\000r\000w\000a\000r\000d\000s}{section.7.1}% 55
\BOOKMARK [1][-]{section.7.2}{\376\377\000C\000o\000o\000r\000d\000i\000n\000a\000t\000e\000\040\000C\000o\000m\000p\000u\000t\000a\000t\000i\000o\000n\000s}{chapter.7}% 56
\BOOKMARK [1][-]{section.7.3}{\376\377\000T\000a\000n\000g\000e\000n\000t\000\040\000V\000e\000c\000t\000o\000r\000s\000\040\000t\000o\000\040\000C\000u\000r\000v\000e\000s\000,\000F\000i\000b\000r\000e\000s}{chapter.7}% 57
\BOOKMARK [2][-]{subsection.7.3.1}{\376\377\000C\000u\000r\000v\000e\000s}{section.7.3}% 58
\BOOKMARK [2][-]{subsection.7.3.2}{\376\377\000F\000i\000b\000r\000e\000s}{section.7.3}% 59
\BOOKMARK [0][-]{chapter.8}{\376\377\000V\000e\000c\000t\000o\000r\000\040\000F\000i\000e\000l\000d\000s}{part.6}% 60
\BOOKMARK [1][-]{section.8.1}{\376\377\000T\000a\000n\000g\000e\000n\000t\000\040\000B\000u\000n\000d\000l\000e\000s}{chapter.8}% 61
\BOOKMARK [2][-]{subsection.8.1.1}{\376\377\000F\000u\000n\000c\000t\000o\000r\000i\000a\000l\000i\000t\000y}{section.8.1}% 62
\BOOKMARK [2][-]{subsection.8.1.2}{\376\377\000P\000f\000a\000f\000f\000i\000a\000n\000\040\000F\000o\000r\000m}{section.8.1}% 63
\BOOKMARK [1][-]{section.8.2}{\376\377\000L\000i\000e\000\040\000A\000l\000g\000e\000b\000r\000a\000\040\000o\000f\000\040\000V\000e\000c\000t\000o\000r\000\040\000F\000i\000e\000l\000d\000s}{chapter.8}% 64
\BOOKMARK [2][-]{subsection.8.2.1}{\376\377\000L\000i\000e\000\040\000B\000r\000a\000c\000k\000e\000t}{section.8.2}% 65
\BOOKMARK [1][-]{section.8.3}{\376\377\000V\000e\000c\000t\000o\000r\000\040\000F\000i\000e\000l\000d\000\040\000a\000s\000\040\000D\000e\000r\000i\000v\000a\000t\000i\000o\000n\000s}{chapter.8}% 66
\BOOKMARK [0][-]{chapter.9}{\376\377\000T\000h\000e\000\040\000C\000o\000t\000a\000n\000g\000e\000n\000t\000\040\000B\000u\000n\000d\000l\000e}{part.6}% 67
\BOOKMARK [1][-]{section.9.1}{\376\377\000T\000a\000n\000g\000e\000n\000t\000\040\000C\000o\000v\000e\000c\000t\000o\000r\000s\000\040\000o\000n\000\040\000M\000a\000n\000i\000f\000o\000l\000d\000s}{chapter.9}% 68
\BOOKMARK [1][-]{section.9.2}{\376\377\000D\000i\000f\000f\000e\000r\000e\000n\000t\000i\000a\000l\000s}{chapter.9}% 69
\BOOKMARK [0][-]{chapter.10}{\376\377\000S\000u\000b\000m\000e\000r\000s\000i\000o\000n\000s\000,\000\040\000I\000m\000m\000e\000r\000s\000i\000o\000n\000s\000\040\000a\000n\000d\000\040\000E\000m\000b\000e\000d\000d\000i\000n\000g\000s}{part.6}% 70
\BOOKMARK [0][-]{chapter.11}{\376\377\000S\000u\000b\000m\000a\000n\000i\000f\000o\000l\000d\000s}{part.6}% 71
\BOOKMARK [1][-]{section.11.1}{\376\377\000E\000m\000b\000e\000d\000d\000e\000d\000\040\000S\000u\000b\000m\000a\000n\000i\000f\000o\000l\000d}{chapter.11}% 72
\BOOKMARK [1][-]{section.11.2}{\376\377\000I\000m\000m\000e\000r\000s\000e\000d\000\040\000S\000u\000b\000m\000a\000n\000i\000f\000o\000l\000d}{chapter.11}% 73
\BOOKMARK [0][-]{chapter.12}{\376\377\000D\000i\000f\000f\000e\000r\000e\000n\000t\000i\000a\000l\000\040\000F\000o\000r\000m\000s}{part.6}% 74
\BOOKMARK [1][-]{section.12.1}{\376\377\000D\000i\000f\000f\000e\000r\000e\000n\000t\000i\000a\000l\000\040\000F\000o\000r\000m}{chapter.12}% 75
\BOOKMARK [2][-]{subsection.12.1.1}{\376\377\000t\000i\000t\000l\000e}{section.12.1}% 76
\BOOKMARK [2][-]{subsection.12.1.2}{\376\377\000T\000e\000n\000s\000o\000r\000\040\000F\000i\000e\000l\000d\000s\000\040\000a\000n\000d\000\040\000D\000i\000f\000f\000e\000r\000e\000n\000t\000i\000a\000l\000\040\000F\000o\000r\000m\000s}{section.12.1}% 77
\BOOKMARK [2][-]{subsection.12.1.3}{\376\377\000T\000h\000e\000\040\000L\000i\000e\000\040\000D\000e\000r\000i\000v\000a\000t\000i\000v\000e}{section.12.1}% 78
\BOOKMARK [1][-]{section.12.2}{\376\377\000O\000r\000i\000e\000n\000t\000a\000t\000i\000o\000n}{chapter.12}% 79
\BOOKMARK [2][-]{subsection.12.2.1}{\376\377\000O\000r\000i\000e\000n\000t\000a\000t\000i\000o\000n\000\040\000o\000f\000\040\000V\000e\000c\000t\000o\000r\000\040\000S\000p\000a\000c\000e\000s}{section.12.2}% 80
\BOOKMARK [2][-]{subsection.12.2.2}{\376\377\000O\000r\000i\000e\000n\000t\000a\000t\000i\000o\000n\000\040\000o\000f\000\040\000M\000a\000n\000i\000f\000o\000l\000d}{section.12.2}% 81
\BOOKMARK [2][-]{subsection.12.2.3}{\376\377\000T\000h\000e\000\040\000O\000r\000i\000e\000n\000t\000a\000t\000i\000o\000n\000\040\000C\000o\000v\000e\000r\000i\000n\000g}{section.12.2}% 82
\BOOKMARK [2][-]{subsection.12.2.4}{\376\377\000T\000h\000e\000\040\000O\000r\000i\000e\000n\000t\000a\000t\000i\000o\000n\000\040\000o\000f\000\040\000H\000y\000p\000e\000r\000s\000u\000r\000f\000a\000c\000e}{section.12.2}% 83
\BOOKMARK [2][-]{subsection.12.2.5}{\376\377\000T\000h\000e\000\040\000O\000r\000i\000e\000n\000t\000a\000t\000i\000o\000n\000\040\000o\000f\000\040}{section.12.2}% 84
\BOOKMARK [0][-]{chapter.13}{\376\377\000I\000n\000t\000e\000g\000r\000a\000t\000i\000o\000n\000\040\000o\000n\000\040\000M\000a\000n\000i\000f\000o\000l\000d\000s}{part.6}% 85
\BOOKMARK [0][-]{chapter.14}{\376\377\000D\000e\000\040\000R\000h\000a\000m\000\040\000C\000o\000h\000o\000m\000o\000l\000o\000g\000y}{part.6}% 86
\BOOKMARK [0][-]{chapter.15}{\376\377\000T\000h\000e\000\040\000d\000e\000\040\000R\000h\000a\000m\000\040\000T\000h\000e\000o\000r\000e\000m\000s}{part.6}% 87
\BOOKMARK [0][-]{chapter.16}{\376\377\000I\000n\000t\000e\000g\000r\000a\000l\000\040\000C\000u\000r\000v\000e\000s\000,\000\040\000a\000n\000d\000\040\000F\000l\000o\000w\000s}{part.6}% 88
\BOOKMARK [1][-]{section.16.1}{\376\377\000I\000n\000t\000e\000g\000r\000a\000l\000\040\000C\000u\000r\000v\000e\000s}{chapter.16}% 89
\BOOKMARK [0][-]{chapter.17}{\376\377\000I\000n\000t\000e\000g\000r\000a\000l\000\040\000M\000a\000n\000i\000f\000o\000l\000d\000s\000\040\000a\000n\000d\000\040\000F\000o\000l\000i\000a\000t\000i\000o\000n\000s}{part.6}% 90
\BOOKMARK [0][-]{chapter.18}{\376\377\000T\000h\000e\000\040\000H\000o\000d\000g\000e\000\040\000T\000h\000e\000o\000r\000e\000m}{part.6}% 91
\BOOKMARK [-1][-]{part.7}{\376\377\000V\000I\000I\000\040\000B\000u\000n\000d\000l\000e\000s}{}% 92
\BOOKMARK [0][-]{chapter.19}{\376\377\000B\000u\000n\000d\000l\000e\000s}{part.7}% 93
\BOOKMARK [1][-]{section.19.1}{\376\377\000B\000u\000n\000d\000l\000e\000s}{chapter.19}% 94
\BOOKMARK [2][-]{subsection.19.1.1}{\376\377\000D\000e\000f\000i\000n\000i\000t\000i\000o\000n\000s}{section.19.1}% 95
\BOOKMARK [2][-]{subsection.19.1.2}{\376\377\000M\000o\000r\000p\000h\000s\000i\000m\000s\000\040\000o\000f\000\040\000B\000u\000n\000d\000l\000e\000s}{section.19.1}% 96
\BOOKMARK [2][-]{subsection.19.1.3}{\376\377\000P\000r\000o\000d\000u\000c\000t\000\040\000a\000n\000d\000\040\000F\000i\000b\000r\000e\000\040\000P\000r\000o\000d\000u\000c\000t\000s}{section.19.1}% 97
\BOOKMARK [2][-]{subsection.19.1.4}{\376\377\000R\000e\000s\000t\000r\000i\000c\000t\000i\000o\000n\000\040\000a\000n\000d\000\040\000I\000n\000d\000u\000c\000e\000d\000\040\000B\000u\000n\000d\000l\000e\000s}{section.19.1}% 98
\BOOKMARK [2][-]{subsection.19.1.5}{\376\377\000L\000o\000c\000a\000l\000\040\000P\000r\000o\000p\000e\000r\000t\000i\000e\000s}{section.19.1}% 99
\BOOKMARK [1][-]{section.19.2}{\376\377\000C\000o\000n\000n\000e\000c\000t\000i\000o\000n\000s}{chapter.19}% 100
\BOOKMARK [0][-]{chapter.20}{\376\377\000F\000i\000b\000r\000e\000\040\000B\000u\000n\000d\000l\000e\000s}{part.7}% 101
\BOOKMARK [1][-]{section.20.1}{\376\377\000F\000i\000b\000r\000e\000\040\000B\000u\000n\000d\000l\000e\000s}{chapter.20}% 102
\BOOKMARK [0][-]{chapter.21}{\376\377\000A\000s\000s\000o\000c\000i\000a\000t\000e\000d\000\040\000B\000u\000n\000d\000l\000e\000s}{part.7}% 103
\BOOKMARK [0][-]{chapter.22}{\376\377\000P\000r\000o\000j\000e\000c\000t\000i\000v\000e\000\040\000M\000o\000d\000u\000l\000e\000s\000\040\000a\000n\000d\000\040\000V\000e\000c\000t\000o\000r\000\040\000B\000u\000n\000d\000l\000e\000s}{part.7}% 104
\BOOKMARK [1][-]{section.22.1}{\376\377\000F\000r\000e\000e\000\040\000m\000o\000d\000u\000l\000e\000,\000\040\000G\000L\000n\000\040\000a\000n\000d\000\040\000S\000t\000a\000b\000l\000y\000\040\000F\000r\000e\000e\000\040\000M\000o\000d\000u\000l\000e\000s}{chapter.22}% 105
\BOOKMARK [2][-]{subsection.22.1.1}{\376\377\000T\000h\000e\000\040\000M\000o\000d\000u\000l\000e\000\040\000o\000v\000e\000r\000\040\000R\000i\000n\000g\000s}{section.22.1}% 106
\BOOKMARK [2][-]{subsection.22.1.2}{\376\377\000S\000t\000a\000b\000l\000y\000\040\000F\000r\000e\000e}{section.22.1}% 107
\BOOKMARK [2][-]{subsection.22.1.3}{\376\377\000S\000t\000a\000b\000l\000y\000\040\000F\000r\000e\000e\000\040\000P\000r\000o\000p\000e\000r\000t\000y}{section.22.1}% 108
\BOOKMARK [2][-]{subsection.22.1.4}{\376\377\000S\000o\000m\000e\000\040\000o\000f\000\040\000N\000o\000n\000c\000o\000m\000m\000u\000t\000a\000t\000i\000v\000e\000\040\000R\000i\000n\000g\000\040\000T\000h\000e\000o\000r\000y}{section.22.1}% 109
\BOOKMARK [1][-]{section.22.2}{\376\377\000P\000r\000o\000j\000e\000c\000t\000i\000v\000e\000\040\000M\000o\000d\000u\000l\000e\000s}{chapter.22}% 110
\BOOKMARK [1][-]{section.22.3}{\376\377\000P\000i\000c\000a\000r\000d\000\040\000G\000r\000o\000u\000p\000\040\000o\000f\000\040\000C\000o\000m\000m\000u\000t\000a\000t\000i\000v\000e\000\040\000R\000i\000n\000g\000s}{chapter.22}% 111
\BOOKMARK [1][-]{section.22.4}{\376\377\000T\000o\000p\000o\000l\000o\000g\000i\000c\000a\000l\000\040\000V\000e\000c\000t\000o\000r\000\040\000B\000u\000n\000d\000l\000e\000,\000\040\000a\000n\000d\000\040\000C\000h\000e\000r\000n\000\040\000C\000l\000a\000s\000s\000e\000s}{chapter.22}% 112
\BOOKMARK [2][-]{subsection.22.4.1}{\376\377\000F\000a\000m\000i\000l\000i\000e\000s\000\040\000o\000f\000\040\000V\000e\000c\000t\000o\000r\000\040\000S\000p\000a\000c\000e\000s}{section.22.4}% 113
\BOOKMARK [2][-]{subsection.22.4.2}{\376\377\000S\000e\000r\000r\000e\000-\000S\000w\000a\000n\000\040\000T\000h\000e\000o\000r\000e\000m}{section.22.4}% 114
\BOOKMARK [2][-]{subsection.22.4.3}{\376\377\000C\000h\000a\000r\000a\000c\000t\000e\000r\000i\000s\000t\000i\000c\000\040\000C\000l\000a\000s\000s\000e\000s}{section.22.4}% 115
\BOOKMARK [2][-]{subsection.22.4.4}{\376\377\000O\000t\000h\000e\000r\000s}{section.22.4}% 116
\BOOKMARK [1][-]{section.22.5}{\376\377\000A\000l\000g\000e\000b\000r\000a\000i\000c\000\040\000V\000e\000c\000t\000o\000r\000\040\000B\000u\000n\000d\000l\000e\000s}{chapter.22}% 117
\BOOKMARK [-1][-]{part.8}{\376\377\000V\000I\000I\000I\000\040\000L\000i\000e\000\040\000G\000r\000o\000u\000p\000s}{}% 118
\BOOKMARK [-1][-]{part.9}{\376\377\000I\000X\000\040\000R\000i\000e\000m\000a\000n\000n\000\040\000M\000a\000n\000i\000f\000o\000l\000d}{}% 119
\BOOKMARK [0][-]{chapter.23}{\376\377\000R\000i\000e\000m\000a\000n\000n\000i\000a\000n\000\040\000M\000e\000t\000r\000i\000c\000s}{part.9}% 120
\BOOKMARK [1][-]{section.23.1}{\376\377\000D\000e\000f\000i\000n\000i\000t\000i\000o\000n\000s}{chapter.23}% 121
\BOOKMARK [2][-]{subsection.23.1.1}{\376\377\000R\000i\000e\000m\000a\000n\000n\000i\000a\000n\000\040\000S\000u\000b\000m\000a\000n\000i\000f\000o\000l\000d}{section.23.1}% 122
\BOOKMARK [1][-]{section.23.2}{\376\377\000M\000o\000d\000e\000l\000s\000\040\000o\000f\000\040\000R\000i\000e\000m\000a\000n\000n\000i\000a\000n\000\040\000M\000a\000n\000i\000f\000o\000l\000d\000s}{chapter.23}% 123
\BOOKMARK [2][-]{subsection.23.2.1}{\376\377\000S\000y\000m\000m\000e\000t\000r\000i\000e\000s}{section.23.2}% 124
\BOOKMARK [2][-]{subsection.23.2.2}{\376\377\000C\000o\000v\000e\000r\000i\000n\000g\000\040\000S\000p\000a\000c\000e\000\040\000o\000f\000\040\000R\000i\000e\000m\000a\000n\000n\000i\000a\000n\000\040\000M\000a\000n\000i\000f\000o\000l\000d}{section.23.2}% 125
\BOOKMARK [0][-]{chapter.24}{\376\377\000R\000i\000e\000m\000a\000n\000n\000i\000a\000n\000\040\000C\000o\000n\000n\000e\000c\000t\000i\000o\000n\000s}{part.9}% 126
\BOOKMARK [1][-]{section.24.1}{\376\377\000A\000f\000f\000i\000n\000e\000\040\000C\000o\000n\000n\000e\000c\000t\000i\000o\000n\000s}{chapter.24}% 127
\BOOKMARK [2][-]{subsection.24.1.1}{\376\377\000P\000a\000r\000a\000l\000l\000e\000l\000\040\000V\000e\000c\000t\000o\000r\000\040\000F\000i\000e\000l\000d}{section.24.1}% 128
\BOOKMARK [1][-]{section.24.2}{\376\377\000R\000i\000e\000m\000a\000n\000n\000i\000a\000n\000\040\000M\000e\000t\000r\000i\000c\000s\000,\000\040\000L\000e\000v\000i\000-\000C\000i\000v\000i\000t\000a\000\040\000T\000h\000e\000o\000r\000e\000m\000s}{chapter.24}% 129
\BOOKMARK [0][-]{chapter.25}{\376\377\000G\000e\000o\000d\000e\000s\000i\000c\000s}{part.9}% 130
\BOOKMARK [1][-]{section.25.1}{\376\377\000T\000h\000e\000\040\000G\000e\000o\000d\000e\000s\000i\000c\000s\000\040\000F\000l\000o\000w}{chapter.25}% 131
\BOOKMARK [1][-]{section.25.2}{\376\377\000M\000i\000n\000i\000m\000a\000l\000i\000z\000i\000n\000g\000\040\000P\000r\000o\000p\000e\000r\000t\000i\000e\000s}{chapter.25}% 132
\BOOKMARK [0][-]{chapter.26}{\376\377\000C\000u\000r\000v\000a\000t\000u\000r\000e\000s}{part.9}% 133
\BOOKMARK [1][-]{section.26.1}{\376\377\000C\000u\000r\000v\000a\000t\000u\000r\000e\000s}{chapter.26}% 134
\BOOKMARK [1][-]{section.26.2}{\376\377\000S\000e\000c\000t\000i\000o\000n\000a\000l\000\040\000C\000u\000r\000v\000a\000t\000u\000r\000e}{chapter.26}% 135
\BOOKMARK [1][-]{section.26.3}{\376\377\000R\000i\000c\000c\000i\000\040\000C\000u\000r\000v\000a\000t\000u\000r\000e\000\040\000a\000n\000d\000\040\000S\000c\000a\000l\000a\000r}{chapter.26}% 136
\BOOKMARK [1][-]{section.26.4}{\376\377\000T\000e\000n\000s\000o\000r\000s\000\040\000o\000n\000\040\000R\000i\000e\000m\000a\000n\000n\000i\000a\000n\000\040\000M\000a\000n\000i\000f\000o\000l\000d\000s}{chapter.26}% 137
\BOOKMARK [1][-]{section.26.5}{\376\377\000M\000a\000n\000i\000f\000o\000l\000d\000s\000\040\000o\000f\000\040\000N\000o\000n\000p\000o\000s\000i\000t\000i\000v\000e\000\040\000C\000u\000r\000v\000a\000t\000u\000r\000e}{chapter.26}% 138
\BOOKMARK [2][-]{subsection.26.5.1}{\376\377\000C\000a\000r\000t\000a\000n\000-\000H\000a\000d\000a\000m\000a\000r\000d\000\040\000M\000a\000n\000i\000f\000o\000l\000d}{section.26.5}% 139
\BOOKMARK [2][-]{subsection.26.5.2}{\376\377\000C\000a\000r\000t\000a\000n\000'\000s\000\040\000F\000i\000x\000e\000d\000\040\000P\000o\000i\000n\000t\000\040\000T\000h\000e\000o\000r\000e\000m}{section.26.5}% 140
\BOOKMARK [2][-]{subsection.26.5.3}{\376\377\000C\000a\000r\000t\000a\000n\000'\000s\000\040\000T\000o\000r\000s\000i\000o\000n\000\040\000T\000h\000e\000o\000r\000e\000m}{section.26.5}% 141
\BOOKMARK [0][-]{chapter.27}{\376\377\000R\000i\000e\000m\000a\000n\000n\000i\000a\000n\000\040\000S\000u\000b\000m\000a\000n\000i\000f\000o\000l\000d}{part.9}% 142
\BOOKMARK [0][-]{chapter.28}{\376\377\000G\000a\000u\000s\000s\000-\000B\000o\000n\000n\000e\000t\000\040\000T\000h\000e\000o\000r\000e\000m}{part.9}% 143
\BOOKMARK [0][-]{chapter.29}{\376\377\000J\000a\000c\000o\000b\000i\000\040\000F\000i\000e\000l\000d}{part.9}% 144
\BOOKMARK [0][-]{chapter.30}{\376\377\000C\000o\000m\000p\000a\000r\000i\000s\000o\000n\000\040\000T\000h\000e\000o\000r\000y}{part.9}% 145
\BOOKMARK [0][-]{chapter.31}{\376\377\000C\000u\000r\000v\000a\000t\000u\000r\000e\000\040\000a\000n\000d\000\040\000T\000o\000p\000o\000l\000o\000g\000y}{part.9}% 146
\BOOKMARK [0][-]{chapter.32}{\376\377\000I\000s\000o\000m\000o\000r\000p\000h\000i\000c\000\040\000I\000m\000m\000e\000r\000s\000i\000o\000n\000s}{part.9}% 147
\BOOKMARK [0][-]{chapter.33}{\376\377\000C\000o\000m\000p\000e\000l\000e\000t\000e\000\040\000M\000a\000n\000i\000f\000o\000l\000d\000,\000\040\000H\000o\000p\000f\000-\000R\000i\000n\000o\000w\000\040\000a\000n\000d\000\040\000H\000a\000d\000a\000m\000a\000r\000d\000\040\000T\000h\000e\000o\000r\000e\000m\000s}{part.9}% 148
\BOOKMARK [0][-]{chapter.34}{\376\377\000S\000p\000a\000c\000e\000s\000\040\000o\000f\000\040\000C\000o\000n\000s\000t\000a\000n\000t\000\040\000C\000u\000r\000v\000a\000t\000u\000r\000e}{part.9}% 149
\BOOKMARK [0][-]{chapter.35}{\376\377\000V\000a\000r\000i\000a\000t\000i\000o\000n\000s\000\040\000o\000f\000\040\000E\000n\000e\000r\000g\000y}{part.9}% 150
\BOOKMARK [0][-]{chapter.36}{\376\377\000T\000h\000e\000\040\000M\000o\000r\000s\000e\000\040\000I\000n\000d\000e\000x\000\040\000T\000h\000e\000o\000r\000e\000m}{part.9}% 151
\BOOKMARK [0][-]{chapter.37}{\376\377\000T\000h\000e\000\040\000F\000u\000n\000d\000a\000m\000e\000n\000t\000a\000l\000\040\000G\000r\000o\000u\000p\000\040\000o\000f\000\040\000M\000a\000n\000i\000f\000o\000l\000d\000s\000\040\000o\000f\000\040\000N\000e\000g\000a\000t\000i\000v\000e\000\040\000C\000u\000r\000v\000a\000t\000u\000r\000e\000s}{part.9}% 152
\BOOKMARK [0][-]{chapter.38}{\376\377\000T\000h\000e\000\040\000S\000p\000h\000e\000r\000e\000\040\000T\000h\000e\000o\000r\000e\000m}{part.9}% 153
\BOOKMARK [0][-]{chapter.39}{\376\377\000T\000h\000e\000\040\000L\000a\000p\000l\000a\000c\000i\000a\000n}{part.9}% 154
\BOOKMARK [-1][-]{part.10}{\376\377\000X\000\040\000F\000o\000u\000n\000d\000a\000t\000i\000o\000n\000\040\000o\000f\000\040\000D\000i\000f\000f\000e\000r\000e\000n\000t\000i\000a\000l\000\040\000G\000e\000o\000m\000e\000t\000r\000y}{}% 155
\BOOKMARK [0][-]{chapter.40}{\376\377\000D\000i\000f\000f\000e\000r\000e\000n\000t\000i\000a\000b\000l\000e\000\040\000M\000a\000n\000i\000f\000o\000l\000d\000s}{part.10}% 156
\BOOKMARK [1][-]{section.40.1}{\376\377\000D\000i\000f\000f\000e\000r\000e\000r\000e\000n\000t\000i\000a\000b\000l\000e\000\040\000M\000a\000n\000i\000f\000o\000l\000d\000s}{chapter.40}% 157
\BOOKMARK [2][-]{subsection.40.1.1}{\376\377\000P\000s\000e\000u\000d\000o\000\040\000G\000r\000o\000u\000p\000\040\000A\000x\000i\000o\000m\000s}{section.40.1}% 158
\BOOKMARK [2][-]{subsection.40.1.2}{\376\377\000A\000t\000l\000a\000s}{section.40.1}% 159
\BOOKMARK [2][-]{subsection.40.1.3}{\376\377\000D\000i\000f\000f\000e\000r\000e\000n\000t\000i\000a\000b\000l\000e\000\040\000M\000a\000n\000i\000f\000o\000l\000d}{section.40.1}% 160
\BOOKMARK [2][-]{subsection.40.1.4}{\376\377\000D\000i\000f\000f\000e\000r\000e\000n\000t\000i\000a\000b\000l\000e\000\040\000M\000a\000p\000p\000i\000n\000g}{section.40.1}% 161
\BOOKMARK [2][-]{subsection.40.1.5}{\376\377\000D\000i\000f\000f\000e\000r\000e\000n\000t\000i\000a\000b\000l\000e\000\040\000C\000u\000r\000v\000e\000,\000\040\000T\000a\000n\000g\000e\000w\000n\000t\000\040\000V\000e\000c\000t\000o\000r\000s}{section.40.1}% 162
\BOOKMARK [1][-]{section.40.2}{\376\377\000T\000e\000n\000s\000o\000r\000\040\000A\000l\000g\000e\000b\000r\000a\000,\000\040\000T\000e\000n\000s\000o\000r\000\040\000F\000i\000e\000l\000d\000s}{chapter.40}% 163
\BOOKMARK [1][-]{section.40.3}{\376\377\000L\000i\000e\000\040\000G\000r\000o\000u\000p\000s}{chapter.40}% 164
\BOOKMARK [1][-]{section.40.4}{\376\377\000F\000i\000b\000r\000e\000\040\000B\000u\000n\000d\000l\000e\000s}{chapter.40}% 165
\BOOKMARK [2][-]{subsection.40.4.1}{\376\377\000D\000i\000f\000f\000e\000r\000e\000n\000t\000i\000a\000b\000l\000e\000\040\000P\000r\000i\000n\000c\000i\000p\000l\000e\000\040\000F\000i\000b\000r\000e\000\040\000B\000u\000n\000d\000l\000e}{section.40.4}% 166
\BOOKMARK [2][-]{subsection.40.4.2}{\376\377\000F\000u\000n\000d\000a\000m\000e\000n\000t\000a\000l\000\040\000V\000e\000c\000t\000o\000r\000\040\000F\000i\000e\000l\000d}{section.40.4}% 167
\BOOKMARK [0][-]{chapter.41}{\376\377\000T\000h\000e\000o\000r\000y\000\040\000o\000f\000\040\000C\000o\000n\000n\000e\000c\000t\000i\000o\000n\000s}{part.10}% 168
\BOOKMARK [1][-]{section.41.1}{\376\377\000C\000o\000n\000n\000e\000c\000t\000i\000o\000n\000s\000\040\000i\000n\000\040\000a\000\040\000P\000r\000i\000n\000c\000i\000p\000l\000e\000\040\000V\000e\000c\000t\000o\000r\000\040\000B\000u\000n\000d\000l\000e}{chapter.41}% 169
\BOOKMARK [2][-]{subsection.41.1.1}{\376\377\000C\000o\000n\000n\000e\000c\000t\000i\000o\000n\000\040\000F\000o\000r\000m}{section.41.1}% 170
\BOOKMARK [1][-]{section.41.2}{\376\377\000E\000x\000i\000s\000t\000e\000n\000c\000e\000\040\000a\000n\000d\000\040\000E\000x\000t\000e\000n\000s\000i\000o\000n\000\040\000o\000f\000\040\000C\000o\000n\000n\000e\000c\000t\000i\000o\000n\000s}{chapter.41}% 171
\BOOKMARK [1][-]{section.41.3}{\376\377\000P\000a\000r\000a\000l\000l\000e\000l\000i\000s\000m}{chapter.41}% 172
\BOOKMARK [2][-]{subsection.41.3.1}{\376\377\000H\000o\000r\000i\000z\000o\000n\000t\000a\000l\000\040\000L\000i\000f\000t}{section.41.3}% 173
\BOOKMARK [2][-]{subsection.41.3.2}{\376\377\000P\000a\000r\000a\000l\000l\000e\000l\000\040\000D\000i\000s\000p\000l\000a\000c\000e\000m\000e\000n\000t}{section.41.3}% 174
\BOOKMARK [1][-]{section.41.4}{\376\377\000H\000o\000l\000o\000n\000o\000m\000y\000\040\000G\000r\000o\000u\000p\000s}{chapter.41}% 175
\BOOKMARK [1][-]{section.41.5}{\376\377\000C\000u\000r\000v\000a\000t\000u\000r\000e\000\040\000F\000o\000r\000m\000,\000\040\000a\000n\000d\000\040\000S\000t\000r\000u\000c\000t\000u\000r\000e\000\040\000E\000q\000u\000a\000t\000i\000o\000n}{chapter.41}% 176
\BOOKMARK [2][-]{subsection.41.5.1}{\376\377\000S\000t\000r\000u\000c\000t\000u\000r\000e\000\040\000E\000q\000u\000a\000t\000i\000o\000n}{section.41.5}% 177
\BOOKMARK [2][-]{subsection.41.5.2}{\376\377\000B\000i\000a\000n\000c\000h\000i\000'\000s\000\040\000I\000d\000e\000n\000t\000i\000t\000y}{section.41.5}% 178
\BOOKMARK [1][-]{section.41.6}{\376\377\000M\000a\000p\000p\000i\000n\000g\000s\000\040\000o\000f\000\040\000C\000o\000n\000n\000e\000c\000t\000i\000o\000n\000s}{chapter.41}% 179
\BOOKMARK [1][-]{section.41.7}{\376\377\000R\000e\000d\000u\000c\000t\000i\000o\000n\000\040\000T\000h\000e\000o\000r\000e\000m}{chapter.41}% 180
\BOOKMARK [1][-]{section.41.8}{\376\377\000H\000o\000l\000o\000n\000o\000m\000y\000\040\000T\000h\000e\000o\000r\000e\000m}{chapter.41}% 181
\BOOKMARK [1][-]{section.41.9}{\376\377\000F\000l\000a\000t\000\040\000C\000o\000n\000n\000e\000c\000t\000i\000o\000n\000s}{chapter.41}% 182
\BOOKMARK [1][-]{section.41.10}{\376\377\000L\000o\000c\000a\000l\000,\000\040\000a\000n\000d\000\040\000I\000n\000f\000i\000n\000i\000t\000e\000s\000i\000m\000a\000l\000\040\000H\000o\000l\000o\000n\000o\000m\000y\000\040\000G\000r\000o\000u\000p\000s}{chapter.41}% 183
\BOOKMARK [1][-]{section.41.11}{\376\377\000I\000n\000v\000a\000r\000i\000a\000n\000t\000\040\000C\000o\000n\000n\000e\000c\000t\000i\000o\000n\000s}{chapter.41}% 184
\BOOKMARK [0][-]{chapter.42}{\376\377\000L\000i\000n\000e\000a\000r\000\040\000A\000f\000f\000i\000n\000e\000\040\000C\000o\000n\000n\000e\000c\000t\000i\000o\000n\000s}{part.10}% 185
\BOOKMARK [1][-]{section.42.1}{\376\377\000C\000o\000n\000n\000e\000c\000t\000i\000o\000n\000s\000\040\000i\000n\000\040\000V\000e\000c\000t\000o\000r\000\040\000B\000u\000n\000d\000l\000e\000s}{chapter.42}% 186
\BOOKMARK [2][-]{subsection.42.1.1}{\376\377\000F\000i\000b\000r\000e\000\040\000M\000e\000t\000r\000i\000c\000s}{section.42.1}% 187
\BOOKMARK [1][-]{section.42.2}{\376\377\000L\000i\000n\000e\000a\000r\000\040\000C\000o\000n\000n\000e\000c\000t\000i\000o\000n\000s}{chapter.42}% 188
\BOOKMARK [0][-]{chapter.43}{\376\377\000C\000u\000r\000v\000a\000t\000u\000r\000e\000\040\000a\000n\000d\000\040\000S\000p\000a\000c\000e\000\040\000F\000o\000r\000m\000s}{part.10}% 189
\BOOKMARK [0][-]{chapter.44}{\376\377\000T\000r\000a\000n\000s\000f\000o\000r\000m\000a\000t\000i\000o\000n\000s}{part.10}% 190
\BOOKMARK [0][-]{chapter.45}{\376\377\000S\000u\000b\000m\000a\000n\000i\000f\000o\000l\000d\000s}{part.10}% 191
\BOOKMARK [0][-]{chapter.46}{\376\377\000V\000a\000r\000i\000a\000t\000i\000o\000n\000\040\000o\000f\000\040\000L\000e\000n\000g\000t\000h\000\040\000I\000n\000t\000e\000g\000r\000a\000l}{part.10}% 192
\BOOKMARK [0][-]{chapter.47}{\376\377\000H\000o\000m\000o\000g\000e\000n\000e\000o\000u\000s\000\040\000S\000p\000a\000c\000e\000s}{part.10}% 193
\BOOKMARK [0][-]{chapter.48}{\376\377\000S\000y\000m\000m\000e\000t\000r\000i\000c\000\040\000S\000p\000a\000c\000e\000s}{part.10}% 194
\BOOKMARK [-1][-]{part.11}{\376\377\000X\000I\000\040\000M\000o\000r\000s\000e\000\040\000T\000h\000e\000o\000r\000y}{}% 195
\BOOKMARK [-1][-]{part.12}{\376\377\000X\000I\000I\000\040\000F\000l\000o\000e\000r\000\040\000T\000h\000e\000o\000r\000y}{}% 196
\BOOKMARK [-1][-]{part.13}{\376\377\000X\000I\000I\000I\000\040\000S\000p\000i\000n\000\040\000G\000e\000o\000m\000e\000t\000r\000y}{}% 197
\BOOKMARK [-1][-]{part.14}{\376\377\000X\000I\000V\000\040\000F\000o\000u\000r\000i\000e\000r\000\040\000A\000n\000a\000l\000y\000s\000i\000s}{}% 198
\BOOKMARK [-1][-]{part.15}{\376\377\000X\000V\000\040\000R\000e\000a\000l\000\040\000A\000n\000a\000l\000y\000s\000i\000s}{}% 199
\BOOKMARK [-1][-]{part.16}{\376\377\000X\000V\000I\000\040\000F\000u\000n\000c\000t\000i\000o\000n\000a\000l\000\040\000A\000n\000a\000l\000y\000s\000i\000s}{}% 200
\BOOKMARK [-1][-]{part.17}{\376\377\000X\000V\000I\000I\000\040\000O\000D\000E}{}% 201
\BOOKMARK [-1][-]{part.18}{\376\377\000X\000V\000I\000I\000I\000\040\000P\000D\000E}{}% 202
\BOOKMARK [-1][-]{part.19}{\376\377\000X\000I\000X\000\040\000C\000o\000m\000p\000l\000e\000x\000\040\000A\000n\000a\000l\000y\000s\000i\000s\000\040\000i\000n\000\040\000O\000n\000e\000\040\000V\000a\000r\000i\000a\000b\000l\000e}{}% 203
\BOOKMARK [-1][-]{part.20}{\376\377\000X\000X\000\040\000C\000o\000m\000p\000l\000e\000x\000\040\000A\000n\000a\000l\000y\000s\000i\000s\000\040\000i\000n\000\040\000M\000u\000l\000t\000i\000v\000a\000r\000i\000a\000b\000l\000e\000s}{}% 204
\BOOKMARK [-1][-]{part.21}{\376\377\000X\000X\000I\000\040\000R\000i\000e\000m\000a\000n\000n\000\040\000S\000u\000r\000f\000a\000c\000e}{}% 205
\BOOKMARK [-1][-]{part.22}{\376\377\000X\000X\000I\000I\000\040\000C\000o\000m\000p\000l\000e\000x\000\040\000G\000e\000o\000m\000e\000t\000r\000y}{}% 206
\BOOKMARK [-1][-]{part.23}{\376\377\000X\000X\000I\000I\000I\000\040\000L\000i\000n\000e\000a\000r\000\040\000A\000l\000g\000e\000b\000r\000a}{}% 207
\BOOKMARK [0][-]{chapter.49}{\376\377\000L\000i\000n\000e\000a\000r\000\040\000S\000p\000a\000c\000e\000s}{part.23}% 208
\BOOKMARK [1][-]{section.49.1}{\376\377\000L\000i\000n\000e\000a\000r\000\040\000S\000p\000a\000c\000e}{chapter.49}% 209
\BOOKMARK [1][-]{section.49.2}{\376\377\000B\000a\000s\000i\000s}{chapter.49}% 210
\BOOKMARK [2][-]{subsection.49.2.1}{\376\377\000S\000t\000e\000n\000i\000t\000z\000'\000s\000\040\000E\000x\000c\000h\000a\000n\000g\000e\000\040\000L\000e\000m\000m\000a}{section.49.2}% 211
\BOOKMARK [1][-]{section.49.3}{\376\377\000D\000i\000m\000e\000n\000s\000i\000o\000n}{chapter.49}% 212
\BOOKMARK [-1][-]{part.24}{\376\377\000X\000X\000I\000V\000\040\000A\000p\000p\000e\000n\000d\000i\000x\000:\000\040\000L\000i\000n\000e\000a\000r\000\040\000A\000l\000g\000e\000b\000r\000a\000\040\000o\000v\000e\000r\000\040\000D\000i\000v\000i\000s\000i\000o\000n\000\040\000R\000i\000n\000g}{}% 213
\BOOKMARK [-1][-]{part.25}{\376\377\000X\000X\000V\000\040\000F\000u\000n\000d\000a\000m\000e\000n\000t\000a\000l\000\040\000o\000f\000\040\000G\000r\000o\000u\000p\000\040\000T\000h\000e\000o\000r\000y}{}% 214
\BOOKMARK [-1][-]{part.26}{\376\377\000X\000X\000V\000I\000\040\000R\000i\000n\000g\000,\000\040\000M\000o\000d\000u\000l\000e\000s\000\040\000a\000n\000d\000\040\000A\000s\000s\000o\000c\000i\000a\000t\000i\000v\000e\000\040\000A\000l\000g\000e\000b\000r\000a\000s}{}% 215
\BOOKMARK [0][-]{chapter.50}{\376\377\000R\000i\000n\000g\000s}{part.26}% 216
\BOOKMARK [0][-]{chapter.51}{\376\377\000M\000o\000d\000u\000l\000e\000s}{part.26}% 217
\BOOKMARK [1][-]{section.51.1}{\376\377\000T\000e\000n\000s\000o\000r\000\040\000P\000r\000o\000d\000u\000c\000t}{chapter.51}% 218
\BOOKMARK [2][-]{subsection.51.1.1}{\376\377\000F\000i\000n\000i\000t\000e\000n\000e\000s\000s}{section.51.1}% 219
\BOOKMARK [2][-]{subsection.51.1.2}{\376\377\000T\000e\000n\000s\000o\000r\000\040\000A\000l\000g\000e\000b\000r\000a}{section.51.1}% 220
\BOOKMARK [1][-]{section.51.2}{\376\377\000F\000i\000n\000i\000t\000e\000\040\000C\000a\000s\000e\000\040\000o\000f\000\040\000M\000o\000d\000u\000l\000e\000s\000\040\000a\000n\000d\000\040\000M\000a\000p\000s}{chapter.51}% 221
\BOOKMARK [2][-]{subsection.51.2.1}{\376\377\000F\000i\000n\000i\000t\000e\000\040\000M\000o\000d\000u\000l\000e\000s\000,\000\040\000a\000n\000d\000\040\000F\000i\000n\000i\000t\000e\000l\000y\000\040\000p\000r\000e\000s\000e\000n\000t\000e\000d\000\040\000m\000o\000d\000u\000l\000e\000s}{section.51.2}% 222
\BOOKMARK [2][-]{subsection.51.2.2}{\376\377\000R\000i\000n\000g\000\040\000M\000a\000p\000s\000\040\000o\000f\000\040\000f\000i\000n\000i\000t\000e\000\040\000T\000y\000p\000e\000\040\000a\000n\000d\000\040\000o\000f\000\040\000f\000i\000n\000i\000t\000e\000\040\000R\000e\000p\000r\000e\000s\000e\000n\000t\000a\000t\000i\000o\000n}{section.51.2}% 223
\BOOKMARK [0][-]{chapter.52}{\376\377\000A\000s\000s\000o\000c\000i\000a\000t\000i\000v\000e\000\040\000A\000l\000g\000e\000b\000r\000a}{part.26}% 224
\BOOKMARK [0][-]{chapter.53}{\376\377\000P\000o\000l\000y\000n\000o\000m\000i\000a\000l\000\040\000A\000l\000g\000e\000b\000r\000a}{part.26}% 225
\BOOKMARK [1][-]{section.53.1}{\376\377\000D\000i\000s\000c\000r\000i\000m\000i\000n\000a\000n\000t\000\040}{chapter.53}% 226
\BOOKMARK [0][-]{chapter.54}{\376\377\000M\000a\000t\000r\000i\000x\000\040\000A\000l\000g\000e\000b\000r\000a}{part.26}% 227
\BOOKMARK [-1][-]{part.27}{\376\377\000X\000X\000V\000I\000I\000\040\000F\000i\000e\000l\000d\000\040\000a\000n\000d\000\040\000G\000a\000l\000o\000i\000s\000\040\000T\000h\000e\000o\000r\000y}{}% 228
\BOOKMARK [0][-]{chapter.55}{\376\377\000F\000i\000e\000l\000d\000s\000\040\000a\000n\000d\000\040\000G\000a\000l\000o\000i\000s\000\040\000T\000h\000e\000o\000r\000y}{part.27}% 229
\BOOKMARK [1][-]{section.55.1}{\376\377\000F\000i\000e\000l\000d\000s}{chapter.55}% 230
\BOOKMARK [2][-]{subsection.55.1.1}{\376\377\000F\000i\000e\000l\000d\000\040\000E\000x\000t\000e\000n\000s\000i\000o\000n\000s}{section.55.1}% 231
\BOOKMARK [2][-]{subsection.55.1.2}{\376\377\000S\000e\000p\000a\000r\000a\000t\000i\000o\000n\000\040\000E\000x\000t\000e\000n\000s\000i\000o\000n}{section.55.1}% 232
\BOOKMARK [0][-]{chapter.56}{\376\377\000T\000h\000e\000\040\000F\000u\000n\000d\000a\000m\000e\000n\000t\000a\000l\000\040\000T\000h\000e\000o\000r\000e\000m\000\040\000o\000f\000\040\000G\000a\000l\000o\000i\000s\000\040\000T\000h\000e\000o\000r\000y}{part.27}% 233
\BOOKMARK [0][-]{chapter.57}{\376\377\000A\000l\000g\000e\000b\000r\000a\000i\000c\000\040\000C\000l\000o\000s\000u\000r\000e}{part.27}% 234
\BOOKMARK [0][-]{chapter.58}{\376\377\000I\000n\000f\000i\000n\000i\000t\000e\000\040\000G\000a\000l\000o\000i\000s\000\040\000E\000x\000t\000e\000n\000s\000i\000o\000n\000s}{part.27}% 235
\BOOKMARK [-1][-]{part.28}{\376\377\000X\000X\000V\000I\000I\000I\000\040\000I\000n\000v\000e\000r\000s\000e\000\040\000G\000a\000l\000o\000i\000s\000\040\000T\000h\000e\000o\000r\000y}{}% 236
\BOOKMARK [-1][-]{part.29}{\376\377\000X\000X\000I\000X\000\040\000C\000o\000m\000m\000u\000t\000a\000t\000i\000v\000e\000\040\000A\000l\000g\000e\000b\000r\000a}{}% 237
\BOOKMARK [0][-]{chapter.59}{\376\377\000A\000d\000d\000i\000t\000i\000o\000n\000a\000l\000\040\000T\000e\000x\000t\000\040\000f\000o\000r\000\040\000R\000i\000n\000g\000\040\000a\000n\000d\000\040\000M\000o\000d\000u\000l\000e\000s}{part.29}% 238
\BOOKMARK [1][-]{section.59.1}{\376\377\000L\000o\000c\000a\000l\000\040\000P\000r\000o\000p\000e\000r\000t\000i\000e\000s}{chapter.59}% 239
\BOOKMARK [2][-]{subsection.59.1.1}{\376\377\000L\000o\000c\000a\000l\000\040\000R\000i\000n\000g\000s}{section.59.1}% 240
\BOOKMARK [2][-]{subsection.59.1.2}{\376\377\000L\000o\000c\000a\000l\000i\000z\000a\000t\000i\000o\000n}{section.59.1}% 241
\BOOKMARK [1][-]{section.59.2}{\376\377\000S\000p\000e\000c\000t\000r\000u\000m\000\040\000o\000f\000\040\000R\000i\000n\000g}{chapter.59}% 242
\BOOKMARK [2][-]{subsection.59.2.1}{\376\377\000Z\000a\000r\000i\000s\000k\000i\000\040\000T\000o\000p\000o\000l\000o\000g\000y}{section.59.2}% 243
\BOOKMARK [2][-]{subsection.59.2.2}{\376\377\000L\000o\000c\000a\000l\000i\000z\000a\000t\000i\000o\000n}{section.59.2}% 244
\BOOKMARK [2][-]{subsection.59.2.3}{\376\377\000O\000p\000e\000n\000\040\000a\000n\000d\000\040\000C\000l\000o\000s\000e\000d\000\040\000S\000u\000b\000s\000e\000t\000s\000\040\000o\000f\000\040\000S\000p\000e\000c\000t\000r\000a}{section.59.2}% 245
\BOOKMARK [2][-]{subsection.59.2.4}{\376\377\000C\000o\000n\000n\000e\000c\000t\000e\000d\000\040\000C\000o\000m\000p\000o\000n\000e\000n\000t}{section.59.2}% 246
\BOOKMARK [2][-]{subsection.59.2.5}{\376\377\000G\000l\000u\000e\000i\000n\000g\000\040\000P\000r\000o\000p\000e\000r\000t\000y}{section.59.2}% 247
\BOOKMARK [2][-]{subsection.59.2.6}{\376\377\000G\000l\000u\000e\000i\000n\000g\000\040\000F\000u\000n\000c\000t\000i\000o\000n\000s}{section.59.2}% 248
\BOOKMARK [2][-]{subsection.59.2.7}{\376\377\000I\000r\000r\000d\000u\000c\000i\000b\000l\000e\000\040\000C\000o\000m\000p\000o\000n\000e\000n\000t}{section.59.2}% 249
\BOOKMARK [2][-]{subsection.59.2.8}{\376\377\000I\000m\000a\000g\000e}{section.59.2}% 250
\BOOKMARK [1][-]{section.59.3}{\376\377\000J\000a\000c\000o\000b\000s\000o\000n\000\040\000R\000a\000d\000i\000c\000a\000l\000\040\000o\000f\000\040\000a\000\040\000R\000i\000n\000g}{chapter.59}% 251
\BOOKMARK [2][-]{subsection.59.3.1}{\376\377\000N\000a\000k\000a\000y\000a\000m\000a\000'\000s\000\040\000L\000e\000m\000m\000a}{section.59.3}% 252
\BOOKMARK [1][-]{section.59.4}{\376\377\000A\000d\000d\000i\000t\000i\000o\000n\000a\000l\000\040\000P\000r\000o\000p\000o\000s\000i\000t\000i\000o\000n\000s\000\040\000f\000o\000r\000\040\000P\000r\000i\000m\000e\000\040\000I\000d\000e\000a\000l\000s}{chapter.59}% 253
\BOOKMARK [1][-]{section.59.5}{\376\377\000N\000i\000l\000p\000o\000t\000e\000n\000t}{chapter.59}% 254
\BOOKMARK [1][-]{section.59.6}{\376\377\000J\000a\000c\000o\000b\000s\000o\000n\000\040\000R\000i\000n\000g}{chapter.59}% 255
\BOOKMARK [0][-]{chapter.60}{\376\377\000C\000h\000a\000i\000n\000\040\000C\000o\000n\000d\000i\000t\000i\000o\000n\000s}{part.29}% 256
\BOOKMARK [1][-]{section.60.1}{\376\377\000N\000o\000e\000t\000h\000e\000r\000i\000a\000n\000\040\000R\000i\000n\000g\000s\000,\000\040\000M\000o\000d\000u\000l\000e\000s}{chapter.60}% 257
\BOOKMARK [2][-]{subsection.60.1.1}{\376\377\000N\000o\000e\000t\000h\000e\000r\000i\000a\000n\000\040\000R\000i\000n\000g}{section.60.1}% 258
\BOOKMARK [2][-]{subsection.60.1.2}{\376\377\000N\000o\000e\000t\000h\000e\000r\000i\000a\000n\000\040\000M\000o\000d\000u\000l\000e\000s}{section.60.1}% 259
\BOOKMARK [1][-]{section.60.2}{\376\377\000L\000e\000n\000g\000t\000h}{chapter.60}% 260
\BOOKMARK [2][-]{subsection.60.2.1}{\376\377\000P\000r\000o\000p\000e\000r\000t\000i\000e\000s}{section.60.2}% 261
\BOOKMARK [2][-]{subsection.60.2.2}{\376\377\000S\000i\000m\000p\000l\000e\000\040\000M\000o\000d\000u\000l\000e\000s}{section.60.2}% 262
\BOOKMARK [1][-]{section.60.3}{\376\377\000A\000r\000t\000i\000n\000i\000a\000n\000\040\000R\000i\000n\000g\000s\000,\000\040\000M\000o\000d\000u\000l\000e\000s}{chapter.60}% 263
\BOOKMARK [1][-]{section.60.4}{\376\377\000K\000-\000G\000r\000o\000u\000p\000s}{chapter.60}% 264
\BOOKMARK [0][-]{chapter.61}{\376\377\000I\000n\000t\000e\000g\000r\000a\000l\000i\000t\000y}{part.29}% 265
\BOOKMARK [1][-]{section.61.1}{\376\377\000I\000n\000t\000e\000g\000r\000a\000l\000\040\000C\000l\000o\000s\000u\000r\000e}{chapter.61}% 266
\BOOKMARK [2][-]{subsection.61.1.1}{\376\377\000I\000n\000t\000e\000g\000r\000a\000l\000\040\000C\000l\000o\000s\000u\000r\000e}{section.61.1}% 267
\BOOKMARK [1][-]{section.61.2}{\376\377\000N\000o\000r\000m\000a\000l\000\040\000R\000i\000n\000g\000s}{chapter.61}% 268
\BOOKMARK [1][-]{section.61.3}{\376\377\000G\000o\000i\000n\000g\000\040\000U\000p\000,\000\040\000G\000o\000i\000n\000g\000\040\000D\000o\000w\000n}{chapter.61}% 269
\BOOKMARK [0][-]{chapter.62}{\376\377\000A\000s\000s\000o\000c\000i\000a\000t\000e\000d\000\040\000P\000r\000i\000m\000e\000,\000P\000r\000i\000m\000e\000\040\000D\000e\000c\000o\000m\000p\000o\000s\000i\000t\000i\000o\000n\000s}{part.29}% 270
\BOOKMARK [1][-]{section.62.1}{\376\377\000S\000u\000p\000p\000o\000r\000t\000s\000\040\000a\000n\000d\000\040\000A\000n\000n\000i\000h\000i\000l\000a\000t\000o\000r\000s}{chapter.62}% 271
\BOOKMARK [1][-]{section.62.2}{\376\377\000A\000s\000s\000o\000c\000i\000a\000t\000e\000d\000\040\000P\000r\000i\000m\000e}{chapter.62}% 272
\BOOKMARK [2][-]{subsection.62.2.1}{\376\377\000A\000s\000s\000o\000c\000i\000a\000t\000e\000d\000\040\000P\000r\000i\000m\000e\000\040\000u\000n\000d\000e\000r\000\040\000S\000o\000m\000e\000\040\000o\000f\000\040\000S\000t\000r\000u\000c\000t\000u\000r\000e\000s}{section.62.2}% 273
\BOOKMARK [0][-]{chapter.63}{\376\377\000S\000e\000p\000e\000r\000a\000b\000l\000e\000\040\000E\000x\000t\000e\000n\000s\000i\000o\000n\000,\000\040\000P\000e\000r\000f\000e\000c\000t\000\040\000F\000i\000e\000l\000d\000s}{part.29}% 274
\BOOKMARK [0][-]{chapter.64}{\376\377\000S\000p\000e\000c\000t\000r\000a}{part.29}% 275
\BOOKMARK [0][-]{chapter.65}{\376\377\000D\000i\000m\000e\000n\000s\000i\000o\000n}{part.29}% 276
\BOOKMARK [1][-]{section.65.1}{\376\377\000D\000i\000m\000e\000n\000s\000i\000o\000n\000\040\000o\000f\000\040\000R\000i\000n\000g\000s}{chapter.65}% 277
\BOOKMARK [2][-]{subsection.65.1.1}{\376\377\000D\000e\000f\000i\000n\000i\000t\000i\000o\000n\000s\000:\000\040\000C\000h\000a\000i\000n\000,\000\040\000L\000e\000n\000g\000t\000h\000,\000\040\000S\000u\000p\000e\000r\000e\000m\000u\000m\000,\000\040\000H\000e\000i\000g\000h\000t}{section.65.1}% 278
\BOOKMARK [2][-]{subsection.65.1.2}{\376\377\000N\000o\000e\000t\000h\000e\000r\000i\000a\000n\000\040\000L\000o\000c\000a\000l\000\040\000R\000i\000n\000g}{section.65.1}% 279
\BOOKMARK [1][-]{section.65.2}{\376\377\000A\000p\000p\000l\000i\000c\000a\000t\000i\000o\000n\000\040\000o\000f\000\040\000D\000i\000m\000e\000n\000s\000i\000o\000n\000\040\000T\000h\000e\000o\000r\000y}{chapter.65}% 280
\BOOKMARK [2][-]{subsection.65.2.1}{\376\377\000N\000o\000e\000t\000h\000e\000r\000i\000a\000n\000\040\000J\000a\000c\000o\000b\000s\000o\000n\000\040\000R\000i\000n\000g\000s}{section.65.2}% 281
\BOOKMARK [1][-]{section.65.3}{\376\377\000S\000u\000p\000p\000o\000r\000t\000,\000\040\000a\000n\000d\000\040\000D\000i\000m\000e\000n\000s\000i\000o\000n\000\040\000o\000f\000\040\000M\000o\000d\000u\000l\000e\000s}{chapter.65}% 282
\BOOKMARK [0][-]{chapter.66}{\376\377\000A\000s\000s\000o\000c\000i\000a\000t\000e\000d\000\040\000P\000r\000i\000m\000e\000s}{part.29}% 283
\BOOKMARK [1][-]{section.66.1}{\376\377\000A\000s\000s\000o\000c\000i\000a\000t\000e\000d\000\040\000P\000r\000i\000m\000e\000s}{chapter.66}% 284
\BOOKMARK [1][-]{section.66.2}{\376\377\000S\000y\000m\000b\000o\000l\000i\000c\000\040\000P\000o\000w\000e\000r\000s}{chapter.66}% 285
\BOOKMARK [1][-]{section.66.3}{\376\377\000R\000e\000l\000a\000t\000i\000v\000e\000\040\000A\000s\000s\000a\000s\000s\000i\000n}{chapter.66}% 286
\BOOKMARK [1][-]{section.66.4}{\376\377\000W\000e\000a\000k\000l\000y\000\040\000A\000s\000s\000o\000c\000i\000a\000t\000e\000d\000\040\000P\000r\000i\000m\000e\000s}{chapter.66}% 287
\BOOKMARK [1][-]{section.66.5}{\376\377\000E\000m\000b\000e\000d\000d\000e\000d\000\040\000P\000r\000i\000m\000e\000s}{chapter.66}% 288
\BOOKMARK [0][-]{chapter.67}{\376\377\000H\000i\000l\000b\000e\000r\000t\000-\000S\000a\000m\000m\000u\000e\000l\000\040\000P\000o\000l\000y\000n\000o\000m\000i\000a\000l\000s}{part.29}% 289
\BOOKMARK [1][-]{section.67.1}{\376\377\000P\000o\000l\000y\000n\000o\000m\000i\000a\000l\000s}{chapter.67}% 290
\BOOKMARK [2][-]{subsection.67.1.1}{\376\377\000I\000n\000t\000e\000g\000r\000a\000l\000-\000V\000a\000l\000u\000e\000d\000\040\000P\000o\000l\000y\000n\000o\000m\000i\000a\000l\000s}{section.67.1}% 291
\BOOKMARK [2][-]{subsection.67.1.2}{\376\377\000P\000o\000l\000y\000n\000o\000m\000i\000a\000l\000-\000L\000i\000k\000e\000\040\000F\000u\000n\000c\000t\000i\000o\000n\000s}{section.67.1}% 292
\BOOKMARK [2][-]{subsection.67.1.3}{\376\377\000T\000h\000e\000\040\000H\000i\000l\000b\000e\000r\000t\000\040\000P\000o\000l\000y\000n\000o\000m\000i\000a\000l\000s}{section.67.1}% 293
\BOOKMARK [2][-]{subsection.67.1.4}{\376\377\000T\000h\000e\000\040\000S\000a\000m\000u\000e\000l\000\040\000P\000o\000l\000y\000n\000o\000m\000i\000a\000l\000s}{section.67.1}% 294
\BOOKMARK [1][-]{section.67.2}{\376\377\000N\000o\000e\000t\000h\000e\000r\000i\000a\000n\000\040\000L\000o\000c\000a\000l\000\040\000R\000i\000n\000g}{chapter.67}% 295
\BOOKMARK [2][-]{subsection.67.2.1}{\376\377\000I\000d\000e\000a\000l\000\040\000o\000f\000\040\000D\000e\000f\000i\000n\000i\000t\000i\000o\000n\000\040\000o\000f\000\040\000R}{section.67.2}% 296
\BOOKMARK [2][-]{subsection.67.2.2}{\376\377\000H\000i\000l\000b\000e\000r\000t\000\040\000P\000o\000l\000y\000n\000o\000m\000i\000a\000l\000\040\000o\000f\000\040\000M\000\040\000o\000v\000e\000r\000\040\000R}{section.67.2}% 297
\BOOKMARK [1][-]{section.67.3}{\376\377\000P\000o\000i\000n\000c\000a\000r\000e\000\040\000S\000e\000r\000i\000e\000s}{chapter.67}% 298
\BOOKMARK [0][-]{chapter.68}{\376\377\000M\000u\000l\000t\000i\000p\000l\000i\000c\000i\000t\000i\000e\000s}{part.29}% 299
\BOOKMARK [1][-]{section.68.1}{\376\377\000M\000u\000l\000t\000i\000p\000l\000i\000c\000i\000t\000i\000e\000s\000\040\000o\000f\000\040\000a\000\040\000R\000i\000n\000g}{chapter.68}% 300
\BOOKMARK [1][-]{section.68.2}{\376\377\000I\000n\000t\000e\000r\000s\000e\000c\000t\000i\000o\000n\000\040\000M\000u\000l\000t\000i\000p\000l\000i\000c\000i\000t\000i\000e\000s\000\040\000o\000f\000\040\000T\000w\000o\000\040\000M\000o\000d\000u\000l\000e\000s}{chapter.68}% 301
\BOOKMARK [1][-]{section.68.3}{\376\377\000T\000o\000r\000-\000F\000o\000r\000m\000u\000l\000a}{chapter.68}% 302
\BOOKMARK [0][-]{chapter.69}{\376\377\000G\000r\000a\000d\000e\000d\000\040\000R\000i\000n\000g\000s}{part.29}% 303
\BOOKMARK [1][-]{section.69.1}{\376\377\000G\000r\000a\000d\000e\000d\000\040\000R\000i\000n\000g\000s\000,\000G\000r\000a\000d\000e\000d\000\040\000M\000o\000d\000u\000l\000e}{chapter.69}% 304
\BOOKMARK [2][-]{subsection.69.1.1}{\376\377\000D\000e\000f\000i\000n\000i\000t\000i\000o\000n\000s}{section.69.1}% 305
\BOOKMARK [2][-]{subsection.69.1.2}{\376\377\000P\000r\000o\000p\000e\000r\000t\000i\000e\000s}{section.69.1}% 306
\BOOKMARK [1][-]{section.69.2}{\376\377\000P\000r\000o\000j\000\040\000C\000o\000n\000s\000t\000r\000u\000c\000t\000i\000o\000n\000s}{chapter.69}% 307
\BOOKMARK [2][-]{subsection.69.2.1}{\376\377\000G\000r\000a\000d\000e\000d\000\040\000I\000d\000e\000a\000l}{section.69.2}% 308
\BOOKMARK [2][-]{subsection.69.2.2}{\376\377\000P\000r\000o\000j\000\040\000C\000o\000n\000s\000t\000r\000u\000c\000t\000i\000o\000n}{section.69.2}% 309
\BOOKMARK [1][-]{section.69.3}{\376\377\000N\000o\000e\000t\000h\000e\000r\000i\000a\000n\000\040\000G\000r\000a\000d\000e\000d\000\040\000R\000i\000n\000g\000s}{chapter.69}% 310
\BOOKMARK [2][-]{subsection.69.3.1}{\376\377\000N\000o\000e\000t\000h\000e\000r\000i\000a\000n\000\040\000G\000r\000a\000d\000e\000d\000\040\000R\000i\000n\000g\000\040\000C\000r\000i\000t\000e\000r\000i\000o\000n}{section.69.3}% 311
\BOOKMARK [2][-]{subsection.69.3.2}{\376\377\000N\000u\000m\000e\000r\000i\000c\000a\000l\000\040\000P\000o\000l\000y\000n\000o\000m\000i\000a\000l}{section.69.3}% 312
\BOOKMARK [2][-]{subsection.69.3.3}{\376\377\000N\000o\000e\000t\000h\000e\000r\000i\000a\000n\000\040\000L\000o\000c\000a\000l\000\040\000R\000i\000n\000g\000s}{section.69.3}% 313
\BOOKMARK [0][-]{chapter.70}{\376\377\000B\000l\000o\000w\000-\000U\000p\000\040\000A\000l\000g\000e\000b\000r\000a\000s\000/\000R\000e\000e\000s\000\040\000A\000l\000g\000e\000b\000r\000a\000s}{part.29}% 314
\BOOKMARK [0][-]{chapter.71}{\376\377\000E\000x\000t\000\040\000G\000r\000o\000u\000p\000s\000\040\000a\000n\000d\000\040\000F\000r\000e\000e\000\040\000R\000e\000s\000o\000l\000u\000t\000i\000o\000n\000s}{part.29}% 315
\BOOKMARK [0][-]{chapter.72}{\376\377\000P\000o\000l\000y\000n\000o\000m\000i\000a\000l\000s}{part.29}% 316
\BOOKMARK [1][-]{section.72.1}{\376\377\000N\000o\000e\000t\000h\000e\000r\000'\000s\000\040\000N\000o\000r\000m\000a\000l\000i\000z\000a\000t\000i\000o\000n\000\040\000T\000h\000e\000o\000r\000e\000m}{chapter.72}% 317
\BOOKMARK [1][-]{section.72.2}{\376\377\000H\000i\000l\000b\000e\000r\000t\000'\000s\000\040\000B\000a\000s\000i\000s\000\040\000T\000h\000e\000o\000r\000e\000m}{chapter.72}% 318
\BOOKMARK [1][-]{section.72.3}{\376\377\000H\000i\000l\000b\000e\000r\000t\000'\000s\000\040\000N\000u\000l\000l\000s\000t\000e\000l\000l\000e\000n\000s\000a\000t\000z}{chapter.72}% 319
\BOOKMARK [2][-]{subsection.72.3.1}{\376\377\000H\000i\000l\000b\000e\000r\000t\000'\000s\000\040\000N\000u\000l\000l\000s\000t\000e\000l\000l\000e\000n\000s\000a\000t\000z\000,\000\040\000a\000n\000d\000\040\000A\000p\000p\000l\000i\000c\000a\000t\000i\000o\000n\000s}{section.72.3}% 320
\BOOKMARK [2][-]{subsection.72.3.2}{\376\377\000T\000e\000x\000t\000u\000a\000l\000\040\000R\000e\000s\000e\000a\000r\000c\000h\000:\000\040\000T\000h\000e\000\040\000O\000r\000i\000g\000i\000n\000a\000l\000\040\000V\000e\000r\000s\000i\000o\000n\000\040\000b\000y\000\040\000H\000i\000l\000b\000e\000r\000t}{section.72.3}% 321
\BOOKMARK [0][-]{chapter.73}{\376\377\000C\000o\000m\000p\000e\000l\000e\000t\000i\000o\000n}{part.29}% 322
\BOOKMARK [1][-]{section.73.1}{\376\377\000C\000o\000m\000p\000l\000e\000t\000i\000o\000n}{chapter.73}% 323
\BOOKMARK [1][-]{section.73.2}{\376\377\000C\000o\000m\000p\000e\000l\000e\000t\000i\000o\000n\000\040\000f\000o\000r\000\040\000N\000o\000e\000t\000h\000e\000r\000i\000a\000n\000\040\000R\000i\000n\000g\000s}{chapter.73}% 324
\BOOKMARK [1][-]{section.73.3}{\376\377\000T\000a\000k\000i\000n\000g\000\040\000L\000i\000m\000i\000t\000s\000\040\000o\000f\000\040\000M\000o\000d\000u\000l\000e\000s}{chapter.73}% 325
\BOOKMARK [0][-]{chapter.74}{\376\377\000F\000l\000a\000t\000n\000e\000s\000s}{part.29}% 326
\BOOKMARK [1][-]{section.74.1}{\376\377\000F\000l\000a\000t\000\040\000M\000o\000d\000u\000l\000e\000s\000\040\000a\000n\000d\000\040\000F\000l\000a\000t\000\040\000R\000i\000n\000g\000\040\000M\000a\000p\000s}{chapter.74}% 327
\BOOKMARK [1][-]{section.74.2}{\376\377\000C\000h\000a\000r\000a\000c\000t\000e\000r\000i\000z\000i\000n\000g\000\040\000F\000l\000a\000t\000n\000e\000s\000s}{chapter.74}% 328
\BOOKMARK [1][-]{section.74.3}{\376\377\000C\000r\000i\000t\000e\000r\000i\000a\000\040\000f\000o\000r\000\040\000F\000l\000a\000t\000n\000e\000s\000s}{chapter.74}% 329
\BOOKMARK [0][-]{chapter.75}{\376\377\000D\000i\000f\000f\000e\000r\000e\000n\000t\000i\000a\000l\000s\000\040\000a\000n\000d\000\040\000S\000m\000o\000o\000t\000h\000n\000e\000s\000s}{part.29}% 330
\BOOKMARK [1][-]{section.75.1}{\376\377\000D\000i\000f\000f\000e\000r\000e\000n\000t\000i\000a\000l\000s}{chapter.75}% 331
\BOOKMARK [2][-]{subsection.75.1.1}{\376\377\000D\000e\000r\000i\000v\000a\000t\000i\000v\000e}{section.75.1}% 332
\BOOKMARK [2][-]{subsection.75.1.2}{\376\377\000K\000a\000h\000l\000e\000r\000\040\000D\000i\000f\000f\000e\000r\000e\000n\000t\000i\000a\000l\000s}{section.75.1}% 333
\BOOKMARK [1][-]{section.75.2}{\376\377\000D\000e\000\040\000R\000h\000a\000m\000\040\000C\000o\000m\000p\000l\000e\000x}{chapter.75}% 334
\BOOKMARK [1][-]{section.75.3}{\376\377\000F\000i\000n\000i\000t\000e\000\040\000O\000r\000d\000e\000r\000\040\000D\000i\000f\000f\000e\000r\000e\000n\000t\000i\000a\000l\000\040\000O\000p\000e\000r\000a\000t\000o\000r\000s}{chapter.75}% 335
\BOOKMARK [2][-]{subsection.75.3.1}{\376\377\000M\000o\000d\000u\000l\000e\000s\000\040\000o\000f\000\040\000P\000r\000i\000n\000c\000i\000p\000e\000\040\000P\000a\000r\000t}{section.75.3}% 336
\BOOKMARK [1][-]{section.75.4}{\376\377\000T\000h\000e\000\040\000N\000a\000i\000v\000e\000\040\000C\000o\000t\000a\000n\000g\000e\000n\000t\000\040\000C\000o\000m\000p\000l\000e\000x}{chapter.75}% 337
\BOOKMARK [1][-]{section.75.5}{\376\377\000S\000m\000o\000o\000t\000h\000n\000e\000s\000s}{chapter.75}% 338
\BOOKMARK [2][-]{subsection.75.5.1}{\376\377\000F\000o\000r\000m\000a\000l\000l\000y\000\040\000S\000m\000o\000o\000t\000h\000\040\000M\000a\000p\000s}{section.75.5}% 339
\BOOKMARK [2][-]{subsection.75.5.2}{\376\377\000S\000m\000o\000o\000t\000h\000n\000e\000s\000s\000\040\000a\000n\000d\000\040\000D\000i\000f\000f\000e\000r\000e\000n\000t\000i\000a\000l\000s}{section.75.5}% 340
\BOOKMARK [2][-]{subsection.75.5.3}{\376\377\000S\000m\000o\000o\000t\000h\000\040\000A\000l\000g\000e\000b\000r\000a\000\040\000o\000v\000e\000r\000\040\000F\000i\000e\000l\000d\000s}{section.75.5}% 341
\BOOKMARK [2][-]{subsection.75.5.4}{\376\377\000S\000m\000o\000o\000t\000h\000\040\000R\000i\000n\000g\000\040\000M\000a\000p\000s\000\040\000i\000n\000\040\000t\000h\000e\000\040\000N\000o\000e\000t\000h\000e\000r\000i\000a\000n\000\040\000C\000a\000s\000e}{section.75.5}% 342
\BOOKMARK [2][-]{subsection.75.5.5}{\376\377\000F\000o\000r\000m\000a\000l\000\040\000S\000m\000o\000o\000t\000h\000n\000e\000s\000s\000\040\000o\000f\000\040\000F\000i\000e\000l\000d\000s}{section.75.5}% 343
\BOOKMARK [1][-]{section.75.6}{\376\377\000E\000t\000a\000l\000e\000\040\000R\000i\000n\000g\000\040\000M\000a\000p\000s}{chapter.75}% 344
\BOOKMARK [0][-]{chapter.76}{\376\377\000S\000o\000m\000e\000\040\000o\000f\000\040\000R\000i\000n\000g\000s}{part.29}% 345
\BOOKMARK [1][-]{section.76.1}{\376\377\000L\000o\000c\000a\000l\000\040\000c\000o\000m\000p\000l\000e\000t\000e\000\040\000i\000n\000t\000e\000r\000s\000e\000c\000t\000i\000o\000n\000\040\000R\000i\000n\000g\000s}{chapter.76}% 346
\BOOKMARK [2][-]{subsection.76.1.1}{\376\377\000P\000r\000o\000p\000e\000r\000t\000i\000e\000s}{section.76.1}% 347
\BOOKMARK [2][-]{subsection.76.1.2}{\376\377\000T\000o\000p\000o\000l\000o\000g\000y\000\040\000a\000n\000d\000\040\000H\000o\000m\000o\000l\000o\000g\000y}{section.76.1}% 348
\BOOKMARK [2][-]{subsection.76.1.3}{\376\377\000N\000o\000r\000m\000a\000l\000\040\000B\000u\000n\000d\000l\000e}{section.76.1}% 349
\BOOKMARK [2][-]{subsection.76.1.4}{\376\377\000C\000o\000h\000e\000n\000-\000M\000a\000c\000a\000u\000l\000a\000y\000\040\000P\000r\000o\000p\000e\000r\000t\000y}{section.76.1}% 350
\BOOKMARK [1][-]{section.76.2}{\376\377\000S\000y\000n\000t\000o\000m\000i\000c\000\040\000M\000o\000r\000p\000h\000i\000s\000m\000s}{chapter.76}% 351
\BOOKMARK [1][-]{section.76.3}{\376\377\000G\000o\000r\000e\000n\000s\000t\000e\000i\000n\000\040\000R\000i\000n\000g\000s}{chapter.76}% 352
\BOOKMARK [1][-]{section.76.4}{\376\377\000R\000e\000g\000u\000l\000a\000r\000\040\000L\000o\000c\000a\000l\000\040\000R\000i\000n\000g\000s}{chapter.76}% 353
\BOOKMARK [1][-]{section.76.5}{\376\377\000C\000o\000h\000e\000n\000-\000M\000a\000c\000a\000u\000l\000a\000y\000\040\000R\000i\000n\000g\000s\000,\000\040\000M\000o\000d\000u\000l\000e\000s}{chapter.76}% 354
\BOOKMARK [1][-]{section.76.6}{\376\377\000U\000n\000i\000v\000e\000r\000s\000a\000l\000\040\000C\000a\000t\000e\000n\000a\000r\000y\000\040\000R\000i\000n\000g\000s}{chapter.76}% 355
\BOOKMARK [1][-]{section.76.7}{\376\377\000H\000e\000n\000s\000e\000l\000i\000a\000n\000\040\000L\000o\000c\000a\000l\000\040\000R\000i\000n\000g\000s}{chapter.76}% 356
\BOOKMARK [0][-]{chapter.77}{\376\377\000E\000t\000a\000l\000e\000\040\000M\000a\000p}{part.29}% 357
\BOOKMARK [0][-]{chapter.78}{\376\377\000J\000a\000p\000a\000n\000e\000s\000e\000\040\000R\000i\000n\000g\000s\000,\000\040\000N\000a\000g\000a\000t\000a\000\040\000R\000i\000n\000g\000s}{part.29}% 358
\BOOKMARK [0][-]{chapter.79}{\376\377\000G\000r\000o\000e\000b\000n\000e\000r\000\040\000B\000a\000s\000e\000s}{part.29}% 359
\BOOKMARK [1][-]{section.79.1}{\376\377\000O\000r\000d\000e\000r\000i\000n\000g\000\040\000o\000f\000\040\000M\000o\000n\000o\000m\000i\000a\000l\000s}{chapter.79}% 360
\BOOKMARK [1][-]{section.79.2}{\376\377\000A\000\040\000D\000i\000v\000i\000s\000i\000o\000n\000\040\000A\000l\000g\000o\000r\000i\000t\000h\000m\000\040\000f\000o\000r\000\040\000P\000o\000l\000y\000n\000o\000m\000i\000a\000l\000\040\000R\000i\000n\000g\000s\000\040\000k\000[\000X\0001\000,\040\046\000,\000X\000n\000]}{chapter.79}% 361
\BOOKMARK [1][-]{section.79.3}{\376\377\000H\000i\000l\000b\000e\000r\000t\000'\000s\000\040\000N\000u\000l\000l\000s\000t\000e\000l\000l\000e\000n\000s\000a\000t\000z\000,\000\040\000a\000n\000d\000\040\000G\000r\000o\000e\000b\000n\000e\000r\000'\000s\000\040\000B\000a\000s\000e}{chapter.79}% 362
\BOOKMARK [1][-]{section.79.4}{\376\377\000P\000r\000o\000p\000e\000r\000t\000i\000e\000s\000\040\000o\000f\000\040\000G\000r\000o\000e\000b\000n\000e\000r\000'\000s\000\040\000B\000a\000s\000e\000s}{chapter.79}% 363
\BOOKMARK [1][-]{section.79.5}{\376\377\000B\000u\000c\000h\000b\000e\000r\000g\000e\000r\000'\000s\000\040\000A\000l\000g\000o\000r\000i\000t\000h\000m}{chapter.79}% 364
\BOOKMARK [0][-]{chapter.80}{\376\377\000E\000l\000i\000m\000i\000n\000t\000a\000t\000i\000o\000n\000\040\000T\000h\000e\000o\000r\000y}{part.29}% 365
\BOOKMARK [-1][-]{part.30}{\376\377\000X\000X\000X\000\040\000V\000a\000l\000u\000a\000t\000i\000o\000n\000\040\000T\000h\000e\000o\000r\000y}{}% 366
\BOOKMARK [0][-]{chapter.81}{\376\377\000V\000a\000l\000u\000a\000t\000i\000o\000n\000\040\000R\000i\000n\000g\000s}{part.30}% 367
\BOOKMARK [1][-]{section.81.1}{\376\377\000V\000a\000l\000u\000a\000t\000i\000o\000n}{chapter.81}% 368
\BOOKMARK [0][-]{chapter.82}{\376\377\000V\000a\000l\000u\000a\000t\000i\000o\000n\000\040\000T\000h\000e\000o\000r\000y}{part.30}% 369
\BOOKMARK [0][-]{chapter.83}{\376\377\000U\000l\000t\000r\000a\000m\000e\000t\000r\000i\000c\000\040\000S\000p\000a\000c\000e}{part.30}% 370
\BOOKMARK [-1][-]{part.31}{\376\377\000X\000X\000X\000I\000\040\000R\000e\000p\000r\000e\000s\000e\000n\000t\000a\000t\000i\000o\000n\000\040\000o\000f\000\040\000F\000i\000n\000i\000t\000e\000\040\000G\000r\000o\000u\000p\000s}{}% 371
\BOOKMARK [-1][-]{part.32}{\376\377\000X\000X\000X\000I\000I\000\040\000A\000l\000g\000e\000b\000r\000a\000i\000c\000\040\000R\000e\000p\000r\000e\000s\000e\000n\000t\000a\000t\000i\000o\000n\000\040\000T\000h\000e\000o\000r\000y}{}% 372
\BOOKMARK [-1][-]{part.33}{\376\377\000X\000X\000X\000I\000I\000I\000\040\000N\000o\000n\000c\000o\000m\000m\000u\000t\000a\000t\000i\000v\000e\000\040\000R\000i\000n\000g\000\040\000T\000h\000e\000o\000r\000y}{}% 373
\BOOKMARK [0][-]{chapter.84}{\376\377\000F\000r\000e\000e\000\040\000M\000o\000d\000u\000l\000e\000s\000,\000\040\000P\000r\000o\000j\000e\000c\000t\000i\000v\000e\000\040\000a\000n\000d\000\040\000I\000n\000j\000e\000c\000t\000i\000v\000e\000\040\000M\000o\000d\000u\000l\000e\000s}{part.33}% 374
\BOOKMARK [1][-]{section.84.1}{\376\377\000F\000r\000e\000e\000\040\000M\000o\000d\000u\000l\000e\000s}{chapter.84}% 375
\BOOKMARK [2][-]{subsection.84.1.1}{\376\377\000I\000B\000N}{section.84.1}% 376
\BOOKMARK [2][-]{subsection.84.1.2}{\376\377\000S\000t\000a\000b\000l\000e\000\040\000F\000i\000n\000i\000t\000e\000n\000e\000s\000s}{section.84.1}% 377
\BOOKMARK [2][-]{subsection.84.1.3}{\376\377\000T\000h\000e\000\040\000R\000a\000n\000k\000\040\000C\000o\000n\000d\000i\000t\000i\000o\000n}{section.84.1}% 378
\BOOKMARK [2][-]{subsection.84.1.4}{\376\377\000T\000h\000e\000\040\000S\000t\000r\000o\000n\000g\000\040\000R\000a\000n\000k\000\040\000C\000o\000n\000d\000i\000t\000i\000o\000n}{section.84.1}% 379
\BOOKMARK [1][-]{section.84.2}{\376\377\000P\000r\000o\000j\000e\000c\000t\000i\000v\000e\000\040\000M\000o\000d\000u\000l\000e\000s}{chapter.84}% 380
\BOOKMARK [2][-]{subsection.84.2.1}{\376\377\000D\000e\000f\000i\000n\000i\000t\000i\000o\000n\000s\000,\000\040\000E\000x\000a\000m\000p\000l\000e\000s}{section.84.2}% 381
\BOOKMARK [1][-]{section.84.3}{\376\377\000I\000n\000j\000e\000c\000t\000i\000v\000e\000\040\000M\000o\000d\000u\000l\000e\000s}{chapter.84}% 382
\BOOKMARK [0][-]{chapter.85}{\376\377\000F\000l\000a\000t\000\040\000M\000o\000d\000u\000l\000e\000s\000\040\000a\000n\000d\000\040\000H\000o\000m\000o\000l\000o\000g\000i\000c\000a\000l\000\040\000D\000i\000m\000e\000n\000s\000i\000o\000n}{part.33}% 383
\BOOKMARK [1][-]{section.85.1}{\376\377\000F\000l\000a\000t\000\040\000a\000n\000d\000\040\000F\000a\000i\000t\000h\000f\000u\000l\000l\000y\000\040\000F\000l\000a\000t\000\040\000M\000o\000d\000u\000l\000e\000s}{chapter.85}% 384
\BOOKMARK [0][-]{chapter.86}{\376\377\000J\000a\000c\000o\000b\000s\000o\000n\000\040\000R\000a\000d\000i\000c\000a\000l\000\040\000o\000f\000\040\000N\000o\000n\000c\000o\000m\000m\000u\000t\000a\000t\000i\000v\000e\000\040\000R\000i\000n\000g\000s}{part.33}% 385
\BOOKMARK [1][-]{section.86.1}{\376\377\000J\000a\000c\000o\000b\000s\000o\000n\000\040\000R\000a\000d\000i\000c\000a\000l\000\040\000U\000n\000d\000e\000r\000\040\000C\000h\000a\000n\000g\000e\000\040\000o\000f\000\040\000R\000i\000n\000g\000s}{chapter.86}% 386
\BOOKMARK [1][-]{section.86.2}{\376\377\000G\000r\000o\000u\000p\000\040\000R\000i\000n\000g\000\040\000a\000n\000d\000\040\000t\000h\000e\000\040\000J\000-\000S\000e\000m\000i\000s\000i\000m\000p\000l\000i\000c\000i\000t\000y}{chapter.86}% 387
\BOOKMARK [0][-]{chapter.87}{\376\377\000D\000i\000v\000i\000s\000i\000o\000n\000\040\000A\000l\000g\000e\000b\000r\000a}{part.33}% 388
\BOOKMARK [1][-]{section.87.1}{\376\377\000F\000i\000n\000i\000t\000e\000\040\000D\000i\000m\000e\000n\000s\000i\000o\000n\000a\000l\000\040\000D\000i\000v\000i\000s\000i\000o\000n\000\040\000A\000l\000g\000e\000b\000r\000a}{chapter.87}% 389
\BOOKMARK [2][-]{subsection.87.1.1}{\376\377\000D\000i\000s\000c\000u\000s\000s\000i\000o\000n\000\040\000o\000f\000\040\000C\000o\000m\000p\000l\000e\000x\000\040\000N\000u\000m\000b\000e\000r\000s\000,\000Q\000u\000a\000t\000e\000r\000n\000i\000o\000n\000\040\000a\000n\000d\000\040\000F\000r\000o\000b\000e\000n\000i\000u\000s\000'\000s\000\040\000T\000h\000e\000o\000r\000e\000m}{section.87.1}% 390
\BOOKMARK [1][-]{section.87.2}{\376\377\000S\000t\000r\000u\000c\000t\000u\000r\000e\000\040\000o\000f\000\040\000F\000i\000n\000i\000t\000e\000\040\000D\000i\000m\000e\000n\000s\000i\000o\000n\000a\000l\000\040\000A\000l\000g\000e\000b\000r\000a\000s}{chapter.87}% 391
\BOOKMARK [0][-]{chapter.88}{\376\377\000W\000e\000d\000d\000e\000r\000b\000u\000r\000n\000-\000A\000r\000t\000i\000n\000-\000T\000h\000e\000o\000r\000y}{part.33}% 392
\BOOKMARK [1][-]{section.88.1}{\376\377\000S\000i\000m\000p\000l\000e\000,\000S\000e\000m\000i\000s\000i\000m\000p\000l\000e\000\040\000M\000o\000d\000u\000l\000e\000s\000\040\000M\000o\000d\000u\000l\000e\000s}{chapter.88}% 393
\BOOKMARK [2][-]{subsection.88.1.1}{\376\377\000S\000i\000m\000p\000l\000e\000\040\000M\000o\000d\000u\000l\000e\000s}{section.88.1}% 394
\BOOKMARK [2][-]{subsection.88.1.2}{\376\377\000S\000e\000m\000i\000s\000i\000m\000p\000l\000e\000\040\000M\000o\000d\000u\000l\000e\000s}{section.88.1}% 395
\BOOKMARK [2][-]{subsection.88.1.3}{\376\377\000C\000h\000a\000i\000n\000\040\000C\000o\000n\000d\000i\000t\000i\000o\000n\000s}{section.88.1}% 396
\BOOKMARK [1][-]{section.88.2}{\376\377\000W\000e\000d\000d\000e\000r\000b\000u\000r\000n\000-\000A\000r\000t\000i\000n\000\040\000T\000h\000e\000o\000r\000e\000m}{chapter.88}% 397
\BOOKMARK [-1][-]{part.34}{\376\377\000X\000X\000X\000I\000V\000\040\000S\000e\000r\000r\000e\000'\000s\000\040\000P\000r\000o\000b\000l\000e\000m\000\040\000o\000n\000\040\000P\000r\000o\000j\000e\000c\000t\000i\000v\000e\000\040\000M\000o\000d\000u\000l\000e\000s\000\050\000Q\000u\000i\000l\000l\000e\000n\000,\000S\000u\000s\000l\000i\000n\000\051}{}% 398
\BOOKMARK [-1][-]{part.35}{\376\377\000X\000X\000X\000V\000\040\000L\000i\000e\000\040\000A\000l\000g\000e\000b\000r\000a\000,\000\040\000a\000n\000d\000\040\000i\000t\000s\000\040\000R\000e\000p\000r\000e\000s\000e\000n\000t\000a\000t\000i\000o\000n\000\040\000T\000h\000e\000o\000r\000y}{}% 399
\BOOKMARK [-1][-]{part.36}{\376\377\000X\000X\000X\000V\000I\000\040\000A\000l\000g\000o\000r\000i\000t\000h\000m\000s}{}% 400
\BOOKMARK [-1][-]{part.37}{\376\377\000X\000X\000X\000V\000I\000I\000\040\000M\000a\000t\000r\000o\000i\000d\000\040\000T\000h\000e\000o\000r\000y}{}% 401
\BOOKMARK [-1][-]{part.38}{\376\377\000X\000X\000X\000V\000I\000I\000I\000\040\000G\000r\000a\000p\000h\000\040\000T\000h\000e\000o\000r\000y}{}% 402
\BOOKMARK [0][-]{chapter.89}{\376\377\000F\000u\000n\000d\000a\000m\000e\000n\000t\000a\000l\000\040\000o\000f\000\040\000C\000o\000n\000c\000e\000p\000t\000s\000\040\000i\000n\000\040\000G\000r\000a\000p\000h\000\040\000T\000h\000e\000o\000r\000y}{part.38}% 403
\BOOKMARK [1][-]{section.89.1}{\376\377\000G\000r\000a\000p\000h\000s}{chapter.89}% 404
\BOOKMARK [2][-]{subsection.89.1.1}{}{section.89.1}% 405
\BOOKMARK [2][-]{subsection.89.1.2}{\376\377\000V\000e\000r\000t\000e\000x\000e\000s}{section.89.1}% 406
\BOOKMARK [2][-]{subsection.89.1.3}{\376\377\000M\000a\000t\000r\000i\000x\000\040\000R\000e\000p\000r\000e\000s\000e\000n\000t\000a\000t\000i\000o\000n}{section.89.1}% 407
\BOOKMARK [1][-]{section.89.2}{\376\377\000P\000a\000t\000h\000,\000\040\000C\000i\000r\000c\000l\000e\000\040\000a\000n\000d\000\040\000C\000o\000n\000n\000e\000c\000t\000e\000d\000n\000e\000s\000s}{chapter.89}% 408
\BOOKMARK [2][-]{subsection.89.2.1}{\376\377\000C\000o\000n\000n\000e\000c\000t\000e\000d\000n\000e\000s\000s}{section.89.2}% 409
\BOOKMARK [2][-]{subsection.89.2.2}{\376\377\000L\000e\000a\000f\000,\000T\000r\000e\000e\000,\000\040\000F\000o\000r\000e\000s\000t}{section.89.2}% 410
\BOOKMARK [2][-]{subsection.89.2.3}{\376\377\000G\000r\000a\000p\000h\000\040}{section.89.2}% 411
\BOOKMARK [0][-]{chapter.90}{\376\377\000O\000p\000t\000i\000m\000a\000l\000\040\000T\000r\000e\000e\000\040\000a\000n\000d\000\040\000P\000a\000t\000h}{part.38}% 412
\BOOKMARK [1][-]{section.90.1}{\376\377\000M\000i\000n\000i\000m\000u\000m\000\040\000S\000p\000a\000n\000n\000i\000n\000g\000\040\000T\000r\000e\000e\000\040\000P\000r\000o\000b\000l\000e\000m}{chapter.90}% 413
\BOOKMARK [1][-]{section.90.2}{\376\377\000G\000r\000a\000p\000h\000\040\000T\000r\000a\000v\000e\000r\000s\000a\000l}{chapter.90}% 414
\BOOKMARK [1][-]{section.90.3}{\376\377\000W\000e\000i\000g\000h\000t\000e\000d\000\040\000G\000r\000a\000p\000h}{chapter.90}% 415
\BOOKMARK [0][-]{chapter.91}{\376\377\000F\000l\000o\000w\000\040\000i\000n\000\040\000N\000e\000t\000w\000o\000r\000k}{part.38}% 416
\BOOKMARK [1][-]{section.91.1}{\376\377\000N\000e\000t\000w\000o\000r\000k}{chapter.91}% 417
\BOOKMARK [-1][-]{part.39}{\376\377\000X\000X\000X\000I\000X\000\040\000C\000o\000m\000b\000i\000n\000a\000t\000o\000r\000i\000c\000s}{}% 418
\BOOKMARK [-1][-]{part.40}{\376\377\000X\000L\000\040\000S\000e\000t\000\040\000T\000h\000e\000o\000r\000y}{}% 419
\BOOKMARK [-1][-]{part.41}{\376\377\000X\000L\000I\000\040\000C\000a\000t\000e\000g\000o\000r\000y\000\040\000T\000h\000e\000o\000r\000y}{}% 420
\BOOKMARK [0][-]{chapter.92}{\376\377\000F\000u\000n\000d\000a\000m\000e\000n\000t\000a\000l\000s}{part.41}% 421
\BOOKMARK [1][-]{section.92.1}{\376\377\000D\000e\000f\000i\000n\000i\000t\000i\000o\000n\000s}{chapter.92}% 422
\BOOKMARK [2][-]{subsection.92.1.1}{\376\377\000C\000a\000t\000e\000g\000o\000r\000i\000e\000s}{section.92.1}% 423
\BOOKMARK [2][-]{subsection.92.1.2}{\376\377\000F\000u\000n\000c\000t\000o\000r\000s}{section.92.1}% 424
\BOOKMARK [2][-]{subsection.92.1.3}{\376\377\000L\000i\000m\000i\000t\000s}{section.92.1}% 425
\BOOKMARK [1][-]{section.92.2}{\376\377\000A\000d\000j\000u\000n\000c\000t\000i\000o\000n\000s}{chapter.92}% 426
\BOOKMARK [0][-]{chapter.93}{\376\377\000P\000r\000e\000s\000h\000e\000a\000v\000e\000s\000,\000\040\000Y\000o\000n\000e\000d\000a\000\040\000L\000e\000m\000m\000a}{part.41}% 427
\BOOKMARK [1][-]{section.93.1}{\376\377\000P\000r\000e\000s\000h\000e\000a\000v\000e\000s}{chapter.93}% 428
\BOOKMARK [2][-]{subsection.93.1.1}{\376\377\000Y\000o\000n\000e\000d\000a\000\040\000E\000m\000b\000e\000d\000d\000i\000n\000g}{section.93.1}% 429
\BOOKMARK [2][-]{subsection.93.1.2}{\376\377\000Y\000o\000n\000e\000d\000a\000'\000s\000\040\000L\000e\000m\000m\000a}{section.93.1}% 430
\BOOKMARK [2][-]{subsection.93.1.3}{\376\377\000P\000r\000o\000p\000e\000r\000t\000i\000e\000s\000\040\000o\000f\000\040\000C\000a\000t\000e\000g\000o\000r\000i\000e\000s\000\040\000o\000f\000\040\000P\000r\000e\000s\000h\000e\000a\000v\000e\000s}{section.93.1}% 431
\BOOKMARK [1][-]{section.93.2}{\376\377\000R\000e\000p\000r\000e\000s\000e\000n\000t\000a\000b\000l\000e\000\040\000F\000u\000n\000c\000t\000o\000r\000s}{chapter.93}% 432
\BOOKMARK [2][-]{subsection.93.2.1}{\376\377\000G\000e\000n\000e\000r\000a\000l\000i\000z\000e\000d\000\040\000E\000l\000e\000m\000e\000n\000t}{section.93.2}% 433
\BOOKMARK [1][-]{section.93.3}{\376\377\000C\000o\000p\000r\000e\000s\000h\000e\000a\000f}{chapter.93}% 434
\BOOKMARK [1][-]{section.93.4}{\376\377\000R\000e\000s\000t\000s\000r\000i\000c\000t\000e\000d\000\040\000Y\000o\000n\000e\000d\000a\000\040\000E\000m\000b\000e\000d\000d\000i\000n\000g\000,\000Y\000o\000n\000e\000d\000a\000\040\000E\000x\000t\000e\000n\000s\000i\000o\000n}{chapter.93}% 435
\BOOKMARK [-1][-]{part.42}{\376\377\000X\000L\000I\000I\000\040\000T\000o\000p\000o\000s}{}% 436
\BOOKMARK [-1][-]{part.43}{\376\377\000X\000L\000I\000I\000I\000\040\000-\000C\000a\000t\000e\000g\000o\000r\000i\000e\000s\000\050\000K\000e\000r\000o\000d\000o\000n\000\051}{}% 437
\BOOKMARK [-1][-]{part.44}{\376\377\000X\000L\000I\000V\000\040\000L\000o\000g\000i\000c}{}% 438
\BOOKMARK [-1][-]{part.45}{\376\377\000X\000L\000V\000\040\000M\000o\000d\000e\000l\000\040\000T\000h\000e\000o\000r\000y}{}% 439
\BOOKMARK [-1][-]{part.46}{\376\377\000X\000L\000V\000I\000\040\000R\000e\000a\000l\000\040\000A\000l\000g\000e\000b\000r\000a\000i\000c\000\040\000G\000e\000o\000m\000e\000t\000r\000y}{}% 440
\BOOKMARK [-1][-]{part.47}{\376\377\000X\000L\000V\000I\000I\000\040\000R\000e\000c\000u\000r\000s\000i\000o\000n\000\040\000T\000h\000e\000o\000r\000y}{}% 441
\BOOKMARK [-1][-]{part.48}{\376\377\000X\000L\000V\000I\000I\000I\000\040\000S\000h\000e\000a\000f\000\040\000T\000h\000e\000o\000r\000y}{}% 442
\BOOKMARK [-1][-]{part.49}{\376\377\000X\000L\000I\000X\000\040\000G\000e\000n\000e\000r\000a\000l\000\040\000T\000o\000p\000o\000l\000o\000g\000y}{}% 443
\BOOKMARK [-1][-]{part.50}{\376\377\000L\000\040\000H\000o\000m\000o\000l\000o\000g\000i\000c\000a\000l\000\040\000A\000l\000g\000e\000b\000r\000a}{}% 444
\BOOKMARK [0][-]{chapter.94}{\376\377\000P\000r\000o\000j\000e\000c\000t\000i\000v\000e\000\040\000a\000n\000d\000\040\000I\000n\000j\000e\000c\000t\000i\000v\000e\000\040\000M\000o\000d\000u\000l\000e\000s\000,\000\040\000F\000r\000e\000e\000\040\000M\000o\000d\000u\000l\000e\000s}{part.50}% 445
\BOOKMARK [1][-]{section.94.1}{\376\377\000F\000r\000e\000e\000\040\000M\000o\000d\000u\000l\000e\000s}{chapter.94}% 446
\BOOKMARK [1][-]{section.94.2}{\376\377\000P\000r\000o\000j\000e\000c\000t\000i\000v\000e\000\040\000M\000o\000d\000u\000l\000e\000s}{chapter.94}% 447
\BOOKMARK [2][-]{subsection.94.2.1}{\376\377\000S\000u\000m}{section.94.2}% 448
\BOOKMARK [2][-]{subsection.94.2.2}{\376\377\000T\000e\000n\000s\000o\000r}{section.94.2}% 449
\BOOKMARK [2][-]{subsection.94.2.3}{\376\377\000P\000r\000o\000j\000e\000c\000t\000i\000v\000e\000\040\000B\000a\000s\000i\000s\000\040\000T\000h\000e\000o\000r\000e\000m}{section.94.2}% 450
\BOOKMARK [2][-]{subsection.94.2.4}{\376\377\000P\000r\000o\000j\000e\000c\000t\000i\000v\000e\000\040\000R\000e\000s\000o\000l\000u\000t\000i\000o\000n}{section.94.2}% 451
\BOOKMARK [1][-]{section.94.3}{\376\377\000I\000n\000j\000e\000c\000t\000i\000v\000e\000\040\000M\000o\000d\000u\000l\000e\000s}{chapter.94}% 452
\BOOKMARK [2][-]{subsection.94.3.1}{\376\377\000B\000a\000e\000r\000'\000s\000\040\000C\000r\000i\000t\000e\000r\000i\000o\000n}{section.94.3}% 453
\BOOKMARK [2][-]{subsection.94.3.2}{\376\377\000E\000m\000b\000e\000d\000d\000i\000n\000g\000\040\000T\000h\000e\000o\000r\000e\000m}{section.94.3}% 454
\BOOKMARK [2][-]{subsection.94.3.3}{\376\377\000I\000n\000j\000e\000c\000t\000i\000v\000e\000\040\000R\000e\000s\000o\000l\000u\000t\000i\000o\000n}{section.94.3}% 455
\BOOKMARK [1][-]{section.94.4}{\376\377\000P\000r\000o\000j\000e\000c\000t\000i\000v\000e\000\040\000a\000n\000d\000\040\000I\000n\000j\000e\000c\000t\000i\000v\000e\000\040\000O\000b\000j\000e\000c\000t\000s\000\040\000i\000n\000\040\000A\000b\000e\000l\000i\000a\000n\000\040\000C\000a\000t\000e\000g\000o\000r\000y}{chapter.94}% 456
\BOOKMARK [2][-]{subsection.94.4.1}{\376\377\000P\000r\000o\000j\000e\000c\000t\000i\000v\000e\000\040\000O\000b\000j\000e\000c\000t}{section.94.4}% 457
\BOOKMARK [2][-]{subsection.94.4.2}{\376\377\000I\000n\000j\000e\000c\000t\000i\000v\000e\000\040\000O\000b\000j\000e\000c\000t}{section.94.4}% 458
\BOOKMARK [2][-]{subsection.94.4.3}{\376\377\000R\000e\000s\000o\000l\000u\000t\000i\000o\000n\000s\000,\000\040\000a\000n\000d\000\040\000E\000x\000t\0001}{section.94.4}% 459
\BOOKMARK [0][-]{chapter.95}{\376\377\000C\000h\000a\000i\000n\000\040\000C\000o\000m\000p\000l\000e\000x\000e\000s}{part.50}% 460
\BOOKMARK [1][-]{section.95.1}{\376\377\000S\000o\000m\000e\000\040\000o\000f\000\040\000C\000a\000t\000e\000g\000o\000r\000y\000\040\000T\000h\000e\000o\000r\000y}{chapter.95}% 461
\BOOKMARK [2][-]{subsection.95.1.1}{\376\377\000A\000b\000-\000C\000a\000t\000e\000g\000o\000r\000y}{section.95.1}% 462
\BOOKMARK [2][-]{subsection.95.1.2}{\376\377\000P\000r\000e\000a\000d\000d\000i\000t\000i\000v\000e\000\040\000C\000a\000t\000e\000g\000o\000r\000y}{section.95.1}% 463
\BOOKMARK [2][-]{subsection.95.1.3}{\376\377\000A\000d\000d\000i\000t\000i\000v\000e\000\040\000F\000u\000n\000t\000o\000r\000s\000,\000\040\000A\000d\000d\000i\000t\000i\000v\000e\000\040\000C\000a\000t\000e\000g\000o\000r\000y}{section.95.1}% 464
\BOOKMARK [2][-]{subsection.95.1.4}{\376\377\000K\000a\000r\000o\000u\000b\000i\000a\000n\000\040\000C\000a\000t\000e\000g\000o\000r\000i\000e\000s}{section.95.1}% 465
\BOOKMARK [2][-]{subsection.95.1.5}{\376\377\000A\000b\000e\000l\000i\000a\000n\000\040\000C\000a\000t\000e\000g\000o\000r\000y}{section.95.1}% 466
\BOOKMARK [2][-]{subsection.95.1.6}{\376\377\000P\000u\000l\000l\000b\000a\000c\000k\000,\000P\000u\000s\000h\000o\000u\000t\000\040\000D\000i\000a\000g\000r\000a\000m}{section.95.1}% 467
\BOOKMARK [2][-]{subsection.95.1.7}{\376\377\000L\000e\000m\000m\000a\000s}{section.95.1}% 468
\BOOKMARK [2][-]{subsection.95.1.8}{\376\377\000G\000r\000o\000t\000h\000e\000n\000d\000i\000e\000c\000k\000\040\000C\000a\000t\000e\000g\000o\000r\000y}{section.95.1}% 469
\BOOKMARK [2][-]{subsection.95.1.9}{\376\377\000E\000x\000t\000e\000n\000s\000i\000o\000n}{section.95.1}% 470
\BOOKMARK [2][-]{subsection.95.1.10}{\376\377\000A\000d\000d\000i\000t\000i\000v\000e\000\040\000F\000u\000n\000c\000t\000o\000r\000s}{section.95.1}% 471
\BOOKMARK [2][-]{subsection.95.1.11}{\376\377\000L\000o\000c\000a\000l\000i\000z\000a\000t\000i\000o\000n}{section.95.1}% 472
\BOOKMARK [2][-]{subsection.95.1.12}{\376\377\000J\000o\000r\000d\000a\000n\000-\000H\000\366\000l\000d\000e\000r}{section.95.1}% 473
\BOOKMARK [2][-]{subsection.95.1.13}{\376\377\000S\000e\000r\000r\000e\000\040\000S\000u\000b\000c\000a\000t\000e\000g\000o\000r\000i\000e\000s}{section.95.1}% 474
\BOOKMARK [2][-]{subsection.95.1.14}{\376\377\000K\000-\000G\000r\000o\000u\000p\000s\000\040\000o\000f\000\040\000A\000b\000e\000l\000i\000a\000n\000\040\000C\000a\000t\000e\000g\000o\000r\000y}{section.95.1}% 475
\BOOKMARK [2][-]{subsection.95.1.15}{\376\377\000C\000o\000h\000o\000m\000o\000l\000o\000g\000i\000c\000a\000l\000\040\000-\000F\000u\000n\000c\000t\000o\000r}{section.95.1}% 476
\BOOKMARK [1][-]{section.95.2}{\376\377\000C\000h\000a\000i\000n\000\040\000C\000o\000m\000p\000l\000e\000x}{chapter.95}% 477
\BOOKMARK [2][-]{subsection.95.2.1}{\376\377\000O\000p\000e\000r\000a\000t\000i\000o\000n\000s\000\040\000o\000n\000\040\000C\000h\000a\000i\000n\000\040\000C\000o\000m\000p\000l\000e\000x\000e\000s}{section.95.2}% 478
\BOOKMARK [2][-]{subsection.95.2.2}{\376\377\000S\000h\000i\000f\000t\000i\000n\000g\000\040\000a\000n\000d\000\040\000T\000r\000a\000n\000s\000l\000a\000t\000i\000o\000n}{section.95.2}% 479
\BOOKMARK [2][-]{subsection.95.2.3}{\376\377\000B\000i\000c\000o\000m\000p\000l\000e\000x}{section.95.2}% 480
\BOOKMARK [2][-]{subsection.95.2.4}{\376\377\000T\000r\000u\000n\000c\000a\000t\000i\000o\000n\000s}{section.95.2}% 481
\BOOKMARK [2][-]{subsection.95.2.5}{\376\377\000M\000a\000p\000p\000i\000n\000g\000\040\000C\000o\000n\000e}{section.95.2}% 482
\BOOKMARK [1][-]{section.95.3}{\376\377\000L\000o\000n\000g\000\040\000E\000x\000a\000c\000t\000\040\000S\000e\000q\000u\000e\000n\000c\000e}{chapter.95}% 483
\BOOKMARK [1][-]{section.95.4}{\376\377\000C\000h\000a\000i\000n\000\040\000H\000o\000m\000o\000t\000o\000p\000i\000e\000s}{chapter.95}% 484
\BOOKMARK [2][-]{subsection.95.4.1}{\376\377\000I\000n\000t\000r\000o\000d\000u\000c\000t\000i\000o\000n}{section.95.4}% 485
\BOOKMARK [2][-]{subsection.95.4.2}{\376\377\000R\000e\000s\000o\000l\000u\000t\000i\000o\000n}{section.95.4}% 486
\BOOKMARK [1][-]{section.95.5}{\376\377\000H\000o\000m\000o\000l\000o\000g\000y\000\040\000E\000x\000a\000c\000t\000\040\000S\000e\000q\000u\000e\000n\000c\000e}{chapter.95}% 487
\BOOKMARK [2][-]{subsection.95.5.1}{\376\377\000S\000o\000m\000e\000\040\000o\000f\000\040\000S\000k\000i\000l\000l\000s\000\040\000i\000n\000\040\000C\000h\000a\000i\000n\000\040}{section.95.5}% 488
\BOOKMARK [2][-]{subsection.95.5.2}{\376\377\000E\000x\000i\000s\000t\000e\000n\000c\000e\000\040\000o\000f\000\040\000\040\000i\000n\000\040\000E\000x\000a\000c\000t\000\040\000C\000h\000a\000i\000n\000\040\000C\000o\000m\000p\000l\000e\000x\000e\000s}{section.95.5}% 489
\BOOKMARK [2][-]{subsection.95.5.3}{\376\377\000R\000e\000s\000o\000l\000u\000t\000i\000o\000n}{section.95.5}% 490
\BOOKMARK [2][-]{subsection.95.5.4}{\376\377\000F\000u\000n\000c\000t\000o\000r\000\040\000E\000x\000t\0001}{section.95.5}% 491
\BOOKMARK [1][-]{section.95.6}{\376\377\000M\000a\000p\000p\000i\000n\000g\000\040\000C\000o\000n\000e\000s\000\040\000a\000n\000d\000\040\000C\000y\000l\000i\000n\000d\000e\000r\000s}{chapter.95}% 492
\BOOKMARK [2][-]{subsection.95.6.1}{\376\377\000M\000a\000p\000p\000i\000n\000g\000\040\000C\000o\000n\000e\000s}{section.95.6}% 493
\BOOKMARK [2][-]{subsection.95.6.2}{\376\377\000M\000a\000p\000p\000i\000n\000g\000\040\000C\000y\000l\000i\000n\000d\000e\000r}{section.95.6}% 494
\BOOKMARK [0][-]{chapter.96}{\376\377\000D\000e\000r\000i\000v\000e\000d\000\040\000F\000u\000n\000c\000t\000o\000r\000s}{part.50}% 495
\BOOKMARK [1][-]{section.96.1}{\376\377\000-\000F\000u\000n\000c\000t\000o\000r\000s}{chapter.96}% 496
\BOOKMARK [2][-]{subsection.96.1.1}{\376\377\000M\000o\000r\000p\000h\000i\000s\000m\000\040\000o\000f\000\040\000-\000F\000u\000n\000c\000t\000o\000r\000s}{section.96.1}% 497
\BOOKMARK [1][-]{section.96.2}{\376\377\000L\000e\000f\000t\000\040\000D\000e\000r\000i\000v\000e\000d\000\040\000F\000u\000n\000c\000t\000o\000r\000s}{chapter.96}% 498
\BOOKMARK [2][-]{subsection.96.2.1}{\376\377\000U\000n\000i\000v\000e\000r\000s\000a\000l\000\040\000-\000F\000u\000n\000c\000t\000o\000r\000i\000t\000y\000\040\000f\000o\000r\000\040\000L\000*\000F\000\050\000-\000\051}{section.96.2}% 499
\BOOKMARK [2][-]{subsection.96.2.2}{\376\377\000F\000-\000A\000c\000y\000c\000l\000i\000c\000\040\000F\000u\000n\000c\000t\000o\000r}{section.96.2}% 500
\BOOKMARK [2][-]{subsection.96.2.3}{\376\377\000L\000i\000F\000\040\000i\000s\000\040\000U\000n\000i\000v\000e\000r\000s\000a\000l\000\040\000-\000F\000u\000n\000c\000t\000o\000r}{section.96.2}% 501
\BOOKMARK [1][-]{section.96.3}{\376\377\000R\000i\000g\000h\000t\000\040\000D\000e\000r\000i\000v\000e\000d\000\040\000F\000u\000n\000c\000t\000o\000r\000s}{chapter.96}% 502
\BOOKMARK [2][-]{subsection.96.3.1}{\376\377\000R\000i\000g\000h\000t\000\040\000D\000e\000r\000i\000v\000e\000d\000\040\000F\000u\000n\000c\000t\000o\000r\000s}{section.96.3}% 503
\BOOKMARK [2][-]{subsection.96.3.2}{\376\377\000E\000x\000t\000\040\000F\000u\000n\000c\000t\000o\000r}{section.96.3}% 504
\BOOKMARK [1][-]{section.96.4}{\376\377\000A\000d\000j\000o\000i\000n\000t\000\040\000F\000u\000n\000c\000t\000o\000r\000s\000\040\000a\000n\000d\000\040\000L\000e\000f\000t\000/\000R\000i\000g\000h\000t\000\040\000E\000x\000a\000c\000t\000n\000e\000s\000s}{chapter.96}% 505
\BOOKMARK [2][-]{subsection.96.4.1}{\376\377\000T\000o\000r\000\040\000F\000u\000n\000c\000t\000o\000r}{section.96.4}% 506
\BOOKMARK [2][-]{subsection.96.4.2}{\376\377\000A\000d\000j\000o\000i\000n\000t\000\040\000L\000i\000m\000i\000t\000\040\000a\000n\000d\000\040\000C\000o\000l\000i\000m\000i\000t\000s}{section.96.4}% 507
\BOOKMARK [1][-]{section.96.5}{\376\377\000B\000a\000l\000a\000n\000c\000i\000n\000g\000\040\000T\000o\000r\000\040\000a\000n\000d\000\040\000E\000x\000t}{chapter.96}% 508
\BOOKMARK [0][-]{chapter.97}{\376\377\000T\000o\000r\000\040\000a\000n\000d\000\040\000E\000x\000t}{part.50}% 509
\BOOKMARK [1][-]{section.97.1}{\376\377\000T\000o\000r\000\040\000f\000o\000r\000\040\000A\000b\000e\000l\000i\000a\000n\000\040\000G\000r\000o\000u\000p\000s}{chapter.97}% 510
\BOOKMARK [1][-]{section.97.2}{\376\377\000T\000o\000r\000\040\000a\000n\000d\000\040\000F\000l\000a\000t\000n\000e\000s\000s}{chapter.97}% 511
\BOOKMARK [1][-]{section.97.3}{\376\377\000E\000x\000t\000\040\000f\000o\000r\000\040\000N\000i\000c\000e\000\040\000R\000i\000n\000g\000s}{chapter.97}% 512
\BOOKMARK [1][-]{section.97.4}{\376\377\000E\000x\000t\000\040\000a\000n\000d\000\040\000E\000x\000t\000e\000n\000s\000i\000o\000n\000s}{chapter.97}% 513
\BOOKMARK [1][-]{section.97.5}{\376\377\000D\000e\000r\000i\000v\000e\000d\000\040\000F\000u\000n\000c\000t\000o\000r\000\040\000a\000n\000d\000\040\000I\000n\000v\000e\000r\000s\000e\000\040\000L\000i\000m\000i\000t\000s}{chapter.97}% 514
\BOOKMARK [2][-]{subsection.97.5.1}{\376\377\000M\000i\000t\000t\000a\000g\000-\000L\000e\000f\000f\000e\000r\000s\000\040\000S\000y\000s\000t\000e\000m}{section.97.5}% 515
\BOOKMARK [1][-]{section.97.6}{\376\377\000U\000n\000i\000v\000e\000r\000s\000a\000l\000\040\000C\000o\000e\000f\000f\000i\000c\000i\000e\000n\000t\000\040\000T\000h\000e\000o\000r\000e\000m}{chapter.97}% 516
\BOOKMARK [0][-]{chapter.98}{\376\377\000H\000o\000m\000o\000l\000o\000g\000i\000c\000a\000l\000\040\000D\000i\000m\000e\000n\000s\000i\000o\000n}{part.50}% 517
\BOOKMARK [0][-]{chapter.99}{\376\377\000S\000p\000e\000c\000t\000r\000a\000l\000\040\000S\000e\000q\000u\000e\000n\000c\000e}{part.50}% 518
\BOOKMARK [1][-]{section.99.1}{\376\377\000I\000n\000t\000r\000o\000d\000u\000c\000t\000i\000o\000n\000s}{chapter.99}% 519
\BOOKMARK [2][-]{subsection.99.1.1}{\376\377\000S\000p\000e\000c\000t\000r\000a\000l\000\040\000S\000e\000q\000u\000e\000n\000c\000e}{section.99.1}% 520
\BOOKMARK [2][-]{subsection.99.1.2}{\376\377\000E\000x\000a\000c\000t\000\040\000C\000o\000u\000p\000l\000e}{section.99.1}% 521
\BOOKMARK [2][-]{subsection.99.1.3}{\376\377\000D\000i\000f\000f\000e\000r\000e\000n\000t\000i\000a\000l\000\040\000O\000b\000j\000e\000c\000t}{section.99.1}% 522
\BOOKMARK [2][-]{subsection.99.1.4}{\376\377\000F\000i\000l\000t\000e\000r\000e\000d\000\040\000D\000i\000f\000f\000e\000r\000e\000n\000t\000i\000a\000l\000\040\000O\000b\000j\000e\000c\000t}{section.99.1}% 523
\BOOKMARK [2][-]{subsection.99.1.5}{\376\377\000F\000i\000l\000t\000e\000r\000e\000d\000\040\000C\000o\000m\000p\000l\000e\000x\000e\000s}{section.99.1}% 524
\BOOKMARK [2][-]{subsection.99.1.6}{\376\377\000D\000o\000u\000b\000l\000e\000\040\000C\000o\000m\000p\000l\000e\000x\000e\000s}{section.99.1}% 525
\BOOKMARK [2][-]{subsection.99.1.7}{\376\377\000A\000b\000e\000l\000i\000a\000n\000\040\000G\000r\000o\000u\000p\000s}{section.99.1}% 526
\BOOKMARK [0][-]{chapter.100}{\376\377\000S\000i\000m\000p\000l\000i\000c\000i\000a\000l\000\040\000M\000e\000t\000h\000o\000d\000s\000\040\000i\000n\000\040\000H\000o\000m\000o\000l\000o\000g\000i\000c\000a\000l\000\040\000A\000l\000g\000e\000b\000r\000a}{part.50}% 527
\BOOKMARK [1][-]{section.100.1}{\376\377\000S\000i\000m\000p\000l\000i\000c\000i\000a\000l\000\040\000O\000b\000j\000e\000c\000t\000s}{chapter.100}% 528
\BOOKMARK [1][-]{section.100.2}{\376\377\000O\000p\000e\000r\000a\000t\000i\000o\000n\000s\000\040\000o\000n\000\040\000S\000i\000m\000p\000l\000i\000c\000i\000a\000l\000\040\000O\000b\000j\000e\000c\000t\000s}{chapter.100}% 529
\BOOKMARK [0][-]{chapter.101}{\376\377\000H\000o\000c\000h\000s\000h\000i\000l\000d\000\040\000a\000n\000d\000\040\000C\000y\000c\000l\000i\000c\000\040\000H\000o\000m\000o\000l\000o\000g\000y}{part.50}% 530
\BOOKMARK [0][-]{chapter.102}{\376\377\000D\000e\000r\000i\000v\000e\000d\000\040\000C\000a\000t\000e\000g\000o\000r\000y}{part.50}% 531
\BOOKMARK [1][-]{section.102.1}{\376\377\000T\000r\000i\000a\000n\000g\000u\000l\000a\000t\000e\000d\000\040\000C\000a\000t\000e\000g\000o\000r\000y}{chapter.102}% 532
\BOOKMARK [2][-]{subsection.102.1.1}{\376\377\000T\000r\000i\000a\000n\000g\000u\000l\000a\000t\000e\000d\000\040\000C\000a\000t\000e\000g\000o\000r\000y}{section.102.1}% 533
\BOOKMARK [2][-]{subsection.102.1.2}{\376\377\000E\000l\000e\000m\000e\000n\000t\000r\000a\000y\000\040\000R\000e\000s\000u\000l\000t\000s}{section.102.1}% 534
\BOOKMARK [2][-]{subsection.102.1.3}{\376\377\000C\000o\000n\000s\000t\000r\000u\000c\000t\000i\000o\000n\000s}{section.102.1}% 535
\BOOKMARK [1][-]{section.102.2}{\376\377\000T\000h\000e\000\040\000H\000o\000m\000o\000t\000o\000p\000y\000\040\000C\000a\000t\000e\000g\000o\000r\000y}{chapter.102}% 536
\BOOKMARK [1][-]{section.102.3}{\376\377\000D\000e\000r\000i\000v\000e\000d\000\040\000C\000a\000t\000e\000g\000o\000r\000y}{chapter.102}% 537
\BOOKMARK [2][-]{subsection.102.3.1}{\376\377\000F\000i\000l\000t\000e\000r\000e\000d\000\040\000D\000e\000r\000i\000v\000e\000d\000\040\000C\000a\000t\000e\000g\000o\000r\000y}{section.102.3}% 538
\BOOKMARK [-1][-]{part.51}{\376\377\000L\000I\000\040\000S\000y\000z\000y\000g\000i\000e\000s}{}% 539
\BOOKMARK [0][-]{chapter.103}{\376\377\000I\000n\000t\000r\000o\000d\000u\000c\000t\000i\000o\000n\000:\000\040\000W\000h\000a\000t\000\040\000i\000s\000\040\000S\000y\000z\000y\000g\000y\000?}{part.51}% 540
\BOOKMARK [1][-]{section.103.1}{\376\377\000H\000i\000l\000b\000e\000r\000t\000'\000s\000\040\000T\000h\000e\000o\000r\000e\000m\000\040\000o\000n\000\040\000S\000y\000z\000y\000g\000i\000e\000s}{chapter.103}% 541
\BOOKMARK [0][-]{chapter.104}{\376\377\000H\000i\000l\000b\000e\000r\000t\000'\000s\000\040\000S\000y\000z\000y\000g\000i\000e\000s\000\040\000T\000h\000e\000o\000r\000e\000m\000,\000F\000r\000e\000e\000\040\000R\000e\000s\000o\000l\000u\000t\000i\000o\000n\000\040\000a\000n\000d\000\040\000H\000i\000l\000b\000e\000r\000t\000\040\000F\000u\000n\000c\000t\000i\000o\000n\000s}{part.51}% 542
\BOOKMARK [1][-]{section.104.1}{\376\377\000T\000h\000e\000\040\000S\000t\000u\000d\000y\000\040\000o\000f\000\040\000S\000y\000z\000y\000g\000i\000e\000s}{chapter.104}% 543
\BOOKMARK [2][-]{subsection.104.1.1}{\376\377\000H\000i\000l\000b\000e\000r\000t\000'\000s\000\040\000F\000u\000n\000c\000t\000i\000o\000n\000s}{section.104.1}% 544
\BOOKMARK [1][-]{section.104.2}{\376\377\000E\000x\000a\000m\000p\000l\000e\000s\000\040\000o\000f\000\040\000F\000r\000e\000e\000\040\000R\000e\000s\000o\000l\000u\000t\000i\000o\000n\000s}{chapter.104}% 545
\BOOKMARK [1][-]{section.104.3}{\376\377\000T\000h\000e\000\040\000L\000o\000c\000a\000l\000\040\000S\000e\000t\000t\000i\000n\000g}{chapter.104}% 546
\BOOKMARK [1][-]{section.104.4}{\376\377\000S\000o\000m\000e\000\040\000L\000o\000c\000a\000l\000\040\000I\000n\000v\000a\000r\000i\000a\000n\000t\000s}{chapter.104}% 547
\BOOKMARK [1][-]{section.104.5}{\376\377\000G\000r\000a\000d\000e\000d\000\040\000S\000y\000z\000y\000g\000i\000e\000s}{chapter.104}% 548
\BOOKMARK [0][-]{chapter.105}{\376\377\000I\000n\000t\000r\000o\000d\000u\000c\000t\000i\000o\000n\000\040\000t\000o\000\040\000B\000o\000i\000j\000-\000S\000\366\000d\000e\000r\000b\000e\000r\000g\000\040\000T\000h\000e\000o\000r\000y}{part.51}% 549
\BOOKMARK [-1][-]{part.52}{\376\377\000L\000I\000I\000\040\000A\000l\000g\000e\000b\000r\000a\000i\000c\000\040\000T\000o\000p\000o\000l\000o\000g\000y}{}% 550
\BOOKMARK [-1][-]{part.53}{\376\377\000L\000I\000I\000I\000\040\000D\000i\000f\000f\000e\000r\000e\000n\000t\000i\000a\000l\000\040\000T\000o\000p\000o\000l\000o\000g\000y}{}% 551
\BOOKMARK [-1][-]{part.54}{\376\377\000L\000I\000V\000\040\000T\000o\000p\000o\000l\000o\000g\000i\000c\000a\000l\000\040\000K\000-\000T\000h\000e\000o\000r\000y\000\040\000a\000n\000d\000\040\000C\000h\000a\000r\000a\000c\000t\000e\000r\000i\000s\000t\000i\000c\000\040\000C\000l\000a\000s\000s\000e\000s}{}% 552
\BOOKMARK [0][-]{chapter.106}{\376\377\000V\000e\000c\000t\000o\000r\000\040\000B\000u\000n\000d\000l\000e\000s}{part.54}% 553
\BOOKMARK [1][-]{section.106.1}{\376\377\000Q\000u\000a\000s\000i\000-\000V\000e\000c\000t\000o\000r\000\040\000B\000u\000n\000d\000l\000e\000s}{chapter.106}% 554
\BOOKMARK [1][-]{section.106.2}{\376\377\000V\000e\000c\000t\000o\000r\000\040\000B\000u\000n\000d\000l\000e\000s}{chapter.106}% 555
\BOOKMARK [2][-]{subsection.106.2.1}{\376\377\000t\000i\000t\000l\000e}{section.106.2}% 556
\BOOKMARK [1][-]{section.106.3}{\376\377\000C\000l\000a\000s\000s\000i\000f\000y\000i\000n\000g\000\040\000V\000e\000c\000t\000o\000r\000\040\000B\000u\000n\000d\000l\000e\000s}{chapter.106}% 557
\BOOKMARK [2][-]{subsection.106.3.1}{\376\377\000P\000u\000l\000l\000b\000a\000c\000k\000\040\000B\000u\000n\000d\000l\000e\000s}{section.106.3}% 558
\BOOKMARK [2][-]{subsection.106.3.2}{\376\377\000C\000l\000u\000t\000c\000h\000i\000n\000g\000\040\000F\000u\000n\000c\000t\000i\000o\000n\000s}{section.106.3}% 559
\BOOKMARK [2][-]{subsection.106.3.3}{\376\377\000C\000e\000l\000l\000\040\000S\000t\000r\000u\000c\000t\000u\000r\000e\000s\000\040\000o\000n\000\040\000G\000r\000a\000s\000s\000m\000a\000n\000n\000i\000a\000n\000s}{section.106.3}% 560
\BOOKMARK [1][-]{section.106.4}{\376\377\000H\000o\000m\000o\000t\000o\000p\000y\000\040\000T\000h\000e\000o\000r\000y\000\040\000o\000f\000\040\000V\000e\000c\000t\000o\000r\000\040\000B\000u\000n\000d\000l\000e\000s}{chapter.106}% 561
\BOOKMARK [1][-]{section.106.5}{\376\377\000M\000e\000t\000r\000i\000c\000s\000\040\000a\000n\000d\000\040\000F\000o\000r\000m\000s\000\040\000o\000n\000\040\000V\000e\000c\000t\000o\000r\000\040\000B\000u\000n\000d\000l\000e\000s}{chapter.106}% 562
\BOOKMARK [0][-]{chapter.107}{\376\377\000K\000-\000T\000h\000e\000o\000r\000y}{part.54}% 563
\BOOKMARK [1][-]{section.107.1}{\376\377\000T\000h\000e\000\040\000F\000u\000n\000c\000t\000o\000r\000\040\000K\000\050\000X\000\051}{chapter.107}% 564
\BOOKMARK [0][-]{chapter.108}{\376\377\000O\000p\000e\000r\000a\000t\000i\000o\000n\000s}{part.54}% 565
\BOOKMARK [0][-]{chapter.109}{\376\377\000B\000o\000t\000t\000\040\000P\000e\000r\000i\000o\000d\000i\000t\000y}{part.54}% 566
\BOOKMARK [0][-]{chapter.110}{\376\377\000C\000o\000m\000p\000u\000t\000a\000t\000i\000o\000n\000\040\000o\000f\000\040\000S\000o\000m\000e\000\040\000K\000-\000G\000r\000o\000u\000p\000s}{part.54}% 567
\BOOKMARK [0][-]{chapter.111}{\376\377\000A\000p\000p\000l\000i\000c\000a\000t\000i\000o\000n\000s\000\040\000o\000f\000\040\000K\000-\000T\000h\000e\000o\000r\000y}{part.54}% 568
\BOOKMARK [0][-]{chapter.112}{\376\377\000S\000t\000i\000e\000f\000e\000l\000-\000W\000h\000i\000t\000n\000e\000y\000\040\000C\000l\000a\000s\000s\000s\000e\000s}{part.54}% 569
\BOOKMARK [0][-]{chapter.113}{\376\377\000C\000e\000l\000l\000-\000S\000t\000r\000u\000c\000t\000u\000r\000e\000\040\000f\000o\000r\000\040\000G\000r\000a\000s\000s\000m\000a\000n\000n\000i\000a\000n\000\040\000M\000a\000n\000i\000f\000o\000l\000d\000s}{part.54}% 570
\BOOKMARK [0][-]{chapter.114}{\376\377\000T\000h\000e\000\040\000C\000o\000h\000o\000m\000o\000l\000o\000g\000y\000\040\000R\000i\000n\000g}{part.54}% 571
\BOOKMARK [0][-]{chapter.115}{\376\377\000C\000h\000e\000r\000n\000-\000W\000e\000i\000l\000\040\000T\000h\000e\000o\000r\000y}{part.54}% 572
\BOOKMARK [-1][-]{part.55}{\376\377\000L\000V\000\040\000C\000l\000a\000s\000s\000i\000c\000a\000l\000\040\000A\000l\000g\000e\000b\000r\000a\000i\000c\000\040\000G\000e\000o\000m\000e\000t\000r\000y}{}% 573
\BOOKMARK [0][-]{chapter.116}{\376\377\000F\000u\000n\000d\000a\000m\000e\000n\000t\000a\000l\000s}{part.55}% 574
\BOOKMARK [1][-]{section.116.1}{\376\377\000A\000f\000f\000i\000n\000e\000\040\000a\000n\000d\000\040\000P\000r\000o\000j\000e\000c\000t\000i\000v\000e\000\040\000S\000p\000a\000c\000e\000s}{chapter.116}% 575
\BOOKMARK [2][-]{subsection.116.1.1}{\376\377\000A\000f\000f\000i\000n\000e\000\040\000S\000p\000a\000c\000e\000s\000,\000A\000f\000f\000i\000n\000e\000\040\000V\000a\000r\000i\000e\000t\000i\000e\000s\000,\000Q\000u\000a\000s\000i\000-\000A\000f\000f\000i\000n\000e\000\040\000V\000a\000r\000i\000e\000t\000i\000e\000s}{section.116.1}% 576
\BOOKMARK [2][-]{subsection.116.1.2}{\376\377\000P\000r\000o\000j\000e\000c\000t\000i\000v\000e\000\040\000S\000p\000a\000c\000e\000,\000\040\000P\000r\000o\000j\000e\000c\000t\000i\000v\000e\000\040\000V\000a\000r\000i\000e\000t\000i\000e\000s}{section.116.1}% 577
\BOOKMARK [2][-]{subsection.116.1.3}{\376\377\000E\000x\000a\000m\000p\000l\000e\000s}{section.116.1}% 578
\BOOKMARK [2][-]{subsection.116.1.4}{\376\377\000Q\000u\000a\000s\000i\000-\000P\000r\000o\000j\000e\000c\000t\000i\000v\000e\000\040\000V\000a\000r\000i\000e\000t\000i\000e\000s}{section.116.1}% 579
\BOOKMARK [1][-]{section.116.2}{\376\377\000R\000e\000g\000u\000l\000a\000r\000\040\000F\000u\000n\000c\000t\000i\000o\000n\000s\000,\000\040\000R\000e\000g\000u\000l\000a\000r\000\040\000M\000a\000p\000s\000\040\000a\000n\000d\000\040\000I\000r\000r\000e\000d\000u\000c\000i\000b\000i\000l\000i\000t\000y}{chapter.116}% 580
\BOOKMARK [2][-]{subsection.116.2.1}{\376\377\000Z\000a\000r\000i\000s\000k\000i\000\040\000T\000o\000p\000o\000l\000o\000g\000y}{section.116.2}% 581
\BOOKMARK [2][-]{subsection.116.2.2}{\376\377\000R\000e\000g\000u\000l\000a\000r\000\040\000F\000u\000n\000c\000t\000i\000o\000n\000s\000\040\000o\000n\000\040\000A\000f\000f\000i\000n\000e\000\040\000V\000a\000r\000i\000e\000t\000i\000e\000s}{section.116.2}% 582
\BOOKMARK [2][-]{subsection.116.2.3}{\376\377\000R\000e\000g\000u\000l\000a\000r\000\040\000F\000u\000n\000c\000t\000i\000o\000n\000s\000\040\000o\000n\000\040\000P\000r\000o\000j\000e\000c\000t\000i\000v\000e\000\040\000V\000a\000r\000i\000e\000t\000i\000e\000s}{section.116.2}% 583
\BOOKMARK [2][-]{subsection.116.2.4}{\376\377\000R\000e\000g\000u\000l\000a\000r\000\040\000M\000a\000p\000s}{section.116.2}% 584
\BOOKMARK [2][-]{subsection.116.2.5}{\376\377\000T\000h\000e\000\040\000V\000e\000r\000o\000n\000e\000s\000e\000\040\000M\000a\000p}{section.116.2}% 585
\BOOKMARK [2][-]{subsection.116.2.6}{\376\377\000T\000h\000e\000\040\000S\000e\000g\000r\000e\000\040\000M\000a\000p}{section.116.2}% 586
\BOOKMARK [2][-]{subsection.116.2.7}{\376\377\000P\000r\000o\000d\000u\000c\000t\000,\000\040\000F\000i\000b\000r\000e\000\040\000P\000r\000o\000d\000u\000c\000t\000,\000\040\000T\000e\000n\000s\000o\000r\000\040\000P\000r\000o\000d\000u\000c\000t}{section.116.2}% 587
\BOOKMARK [2][-]{subsection.116.2.8}{\376\377\000G\000r\000a\000p\000h\000s}{section.116.2}% 588
\BOOKMARK [2][-]{subsection.116.2.9}{\376\377\000C\000a\000t\000e\000g\000o\000r\000y\000\040\000o\000f\000\040\000V\000a\000r\000i\000e\000t\000i\000e\000s}{section.116.2}% 589
\BOOKMARK [1][-]{section.116.3}{\376\377\000S\000m\000o\000o\000t\000h\000n\000e\000s\000s\000\040\000a\000n\000d\000\040\000D\000i\000m\000e\000n\000s\000i\000o\000n}{chapter.116}% 590
\BOOKMARK [2][-]{subsection.116.3.1}{\376\377\000S\000m\000o\000o\000t\000h\000\040\000a\000n\000d\000\040\000S\000i\000n\000g\000u\000l\000a\000r\000\040\000P\000o\000i\000n\000t\000s}{section.116.3}% 591
\BOOKMARK [2][-]{subsection.116.3.2}{\376\377\000A\000l\000g\000e\000b\000r\000a\000i\000c\000\040\000C\000h\000a\000r\000a\000c\000t\000e\000r\000i\000z\000a\000t\000i\000o\000n\000s}{section.116.3}% 592
\BOOKMARK [1][-]{section.116.4}{\376\377\000I\000d\000e\000a\000l\000s\000\040\000o\000f\000\040\000V\000a\000r\000i\000e\000t\000i\000e\000s\000,\000\040\000I\000r\000r\000e\000d\000u\000c\000i\000b\000l\000e\000\040\000D\000e\000c\000o\000m\000p\000o\000s\000i\000t\000i\000o\000n\000\040\000a\000n\000d\000\040\000N\000u\000l\000l\000s\000t\000e\000l\000l\000e\000n\000s\000a\000t\000z}{chapter.116}% 593
\BOOKMARK [2][-]{subsection.116.4.1}{\376\377\000G\000e\000n\000e\000r\000a\000t\000i\000n\000g\000\040\000I\000d\000e\000a\000l\000s}{section.116.4}% 594
\BOOKMARK [2][-]{subsection.116.4.2}{\376\377\000I\000d\000e\000a\000l\000s\000\040\000o\000f\000\040\000P\000r\000o\000j\000e\000c\000t\000i\000v\000e\000\040\000V\000a\000r\000i\000e\000t\000i\000e\000s}{section.116.4}% 595
\BOOKMARK [2][-]{subsection.116.4.3}{\376\377\000I\000r\000r\000e\000d\000u\000c\000i\000b\000l\000e\000\040\000V\000a\000r\000i\000e\000t\000i\000e\000s\000\040\000a\000n\000d\000\040\000I\000r\000r\000e\000d\000u\000c\000i\000b\000l\000e\000\040\000D\000e\000c\000o\000m\000p\000o\000s\000i\000t\000i\000o\000n}{section.116.4}% 596
\BOOKMARK [2][-]{subsection.116.4.4}{\376\377\000G\000e\000n\000e\000r\000a\000l\000\040\000O\000b\000j\000e\000c\000t}{section.116.4}% 597
\BOOKMARK [2][-]{subsection.116.4.5}{\376\377\000A\000l\000g\000e\000b\000r\000a\000s}{section.116.4}% 598
\BOOKMARK [1][-]{section.116.5}{\376\377\000C\000o\000n\000e\000s\000,\000\040\000P\000r\000o\000j\000e\000c\000t\000i\000o\000n\000\040\000a\000n\000d\000\040\000M\000o\000r\000e\000\040\000a\000b\000o\000u\000t\000\040\000P\000r\000o\000d\000u\000c\000t}{chapter.116}% 599
\BOOKMARK [2][-]{subsection.116.5.1}{\376\377\000Q\000u\000a\000d\000r\000i\000c\000s}{section.116.5}% 600
\BOOKMARK [2][-]{subsection.116.5.2}{\376\377\000P\000r\000o\000j\000e\000c\000t\000i\000o\000n}{section.116.5}% 601
\BOOKMARK [1][-]{section.116.6}{\376\377\000R\000a\000t\000i\000o\000n\000a\000l\000\040\000F\000u\000n\000c\000t\000i\000o\000n\000\040\000a\000n\000d\000\040\000R\000a\000t\000i\000o\000n\000a\000l\000\040\000M\000a\000p\000s}{chapter.116}% 602
\BOOKMARK [2][-]{subsection.116.6.1}{\376\377\000A\000f\000f\000i\000n\000e\000\040\000R\000a\000t\000i\000o\000n\000a\000l\000\040\000F\000u\000n\000c\000t\000i\000o\000n\000s}{section.116.6}% 603
\BOOKMARK [2][-]{subsection.116.6.2}{\376\377\000P\000r\000o\000j\000e\000c\000t\000i\000v\000e\000\040\000R\000a\000t\000i\000o\000n\000a\000l\000\040\000F\000u\000n\000c\000t\000i\000o\000n\000s}{section.116.6}% 604
\BOOKMARK [2][-]{subsection.116.6.3}{\376\377\000R\000a\000t\000i\000o\000n\000a\000l\000\040\000M\000a\000p\000s}{section.116.6}% 605
\BOOKMARK [2][-]{subsection.116.6.4}{\376\377\000G\000r\000a\000p\000h\000s}{section.116.6}% 606
\BOOKMARK [2][-]{subsection.116.6.5}{\376\377\000B\000i\000r\000a\000t\000i\000o\000n\000a\000l\000\040\000I\000s\000o\000m\000o\000r\000p\000h\000i\000s\000m\000s}{section.116.6}% 607
\BOOKMARK [2][-]{subsection.116.6.6}{\376\377\000D\000e\000g\000r\000e\000e\000\040\000o\000f\000\040\000R\000a\000t\000i\000o\000n\000a\000l\000\040\000M\000a\000p}{section.116.6}% 608
\BOOKMARK [2][-]{subsection.116.6.7}{\376\377\000B\000l\000o\000w\000i\000n\000g\000\040\000U\000p}{section.116.6}% 609
\BOOKMARK [2][-]{subsection.116.6.8}{\376\377\000U\000n\000r\000a\000t\000i\000o\000n\000a\000l\000i\000t\000y}{section.116.6}% 610
\BOOKMARK [2][-]{subsection.116.6.9}{\376\377\000A\000p\000p\000e\000n\000d\000i\000x\000:\000\040\000L\000\374\000r\000o\000t\000h\000\040\000P\000r\000o\000b\000l\000e\000m}{section.116.6}% 611
\BOOKMARK [1][-]{section.116.7}{\376\377\000B\000l\000o\000w\000-\000U\000p\000s\000,\000\040\000N\000a\000s\000h\000\040\000B\000l\000o\000w\000-\000U\000p\000s\000\040\000a\000n\000d\000\040\000t\000h\000e\000\040\000R\000e\000s\000o\000l\000u\000t\000i\000o\000n\000\040\000o\000f\000\040\000S\000i\000n\000g\000u\000l\000a\000r\000i\000t\000i\000e\000s}{chapter.116}% 612
\BOOKMARK [0][-]{chapter.117}{\376\377\000P\000a\000r\000a\000m\000e\000t\000e\000r\000i\000z\000a\000t\000i\000o\000n\000s}{part.55}% 613
\BOOKMARK [1][-]{section.117.1}{\376\377\000P\000a\000r\000a\000m\000e\000t\000e\000r\000\040\000S\000p\000a\000c\000e\000s}{chapter.117}% 614
\BOOKMARK [1][-]{section.117.2}{\376\377\000P\000a\000r\000a\000m\000e\000t\000e\000r\000\040\000S\000p\000a\000c\000e\000s\000\040\000a\000n\000d\000\040\000M\000o\000d\000u\000l\000i\000\040\000S\000p\000a\000c\000e\000s}{chapter.117}% 615
\BOOKMARK [1][-]{section.117.3}{\376\377\000G\000r\000a\000s\000s\000m\000a\000n\000n\000i\000a\000n\000s\000\040\000a\000n\000d\000\040\000R\000e\000l\000a\000t\000e\000d\000\040\000V\000a\000r\000i\000e\000t\000i\000e\000s}{chapter.117}% 616
\BOOKMARK [2][-]{subsection.117.3.1}{\376\377\000S\000u\000b\000v\000a\000r\000i\000e\000t\000i\000e\000s\000\040\000o\000f\000\040\000G\000r\000a\000s\000s\000m\000a\000n\000n\000i\000a\000n\000s}{section.117.3}% 617
\BOOKMARK [2][-]{subsection.117.3.2}{\376\377\000T\000a\000n\000g\000e\000n\000t\000\040\000S\000p\000a\000c\000e\000s\000\040\000t\000o\000\040\000G\000r\000a\000s\000s\000m\000a\000n\000n\000i\000a\000n\000s}{section.117.3}% 618
\BOOKMARK [1][-]{section.117.4}{\376\377\000G\000a\000u\000s\000s\000\040\000M\000a\000p\000,\000\040\000T\000a\000n\000g\000e\000n\000t\000i\000a\000l\000\040\000a\000n\000d\000\040\000D\000u\000a\000l\000\040\000V\000a\000r\000i\000e\000t\000i\000e\000s}{chapter.117}% 619
\BOOKMARK [0][-]{chapter.118}{\376\377\000R\000a\000t\000i\000o\000n\000a\000l\000\040\000M\000a\000p\000s}{part.55}% 620
\BOOKMARK [0][-]{chapter.119}{\376\377\000P\000l\000a\000n\000e\000\040\000C\000u\000r\000v\000e\000s}{part.55}% 621
\BOOKMARK [1][-]{section.119.1}{\376\377\000P\000l\000a\000n\000e\000\040\000C\000u\000r\000v\000e\000s}{chapter.119}% 622
\BOOKMARK [2][-]{subsection.119.1.1}{\376\377\000I\000n\000t\000e\000r\000s\000e\000c\000t\000i\000o\000n\000\040\000M\000u\000l\000t\000i\000p\000l\000i\000c\000i\000t\000i\000e\000s}{section.119.1}% 623
\BOOKMARK [1][-]{section.119.2}{\376\377\000L\000o\000c\000a\000l\000\040\000P\000r\000o\000p\000e\000r\000t\000i\000e\000s}{chapter.119}% 624
\BOOKMARK [2][-]{subsection.119.2.1}{\376\377\000M\000u\000l\000t\000i\000p\000l\000i\000c\000i\000t\000i\000e\000s}{section.119.2}% 625
\BOOKMARK [2][-]{subsection.119.2.2}{\376\377\000I\000n\000t\000e\000r\000s\000e\000c\000t\000i\000o\000n\000\040\000N\000u\000m\000b\000e\000r\000s}{section.119.2}% 626
\BOOKMARK [1][-]{section.119.3}{\376\377\000P\000r\000o\000j\000e\000c\000t\000i\000v\000e\000\040\000P\000l\000a\000n\000e\000\040\000C\000u\000r\000v\000e\000s}{chapter.119}% 627
\BOOKMARK [1][-]{section.119.4}{\376\377\000D\000i\000v\000i\000s\000o\000r\000s}{chapter.119}% 628
\BOOKMARK [1][-]{section.119.5}{\376\377\000B\000e\000z\000o\000u\000t\000'\000s\000\040\000T\000h\000e\000o\000r\000e\000m}{chapter.119}% 629
\BOOKMARK [2][-]{subsection.119.5.1}{\376\377\000D\000e\000g\000r\000e\000e}{section.119.5}% 630
\BOOKMARK [2][-]{subsection.119.5.2}{\376\377\000J\000o\000i\000n\000\040\000o\000f\000\040\000V\000a\000r\000i\000e\000t\000i\000e\000s}{section.119.5}% 631
\BOOKMARK [2][-]{subsection.119.5.3}{\376\377\000M\000u\000l\000t\000i\000p\000l\000i\000c\000i\000t\000i\000e\000s}{section.119.5}% 632
\BOOKMARK [2][-]{subsection.119.5.4}{\376\377\000B\000e\000z\000o\000u\000t\000'\000s\000\040\000T\000h\000e\000o\000r\000e\000m}{section.119.5}% 633
\BOOKMARK [0][-]{chapter.120}{\376\377\000N\000o\000r\000m\000a\000l\000i\000z\000a\000t\000i\000o\000n}{part.55}% 634
\BOOKMARK [0][-]{chapter.121}{\376\377\000Q\000u\000a\000d\000r\000i\000c\000s}{part.55}% 635
\BOOKMARK [1][-]{section.121.1}{\376\377\000T\000a\000n\000g\000e\000n\000t\000\040\000S\000p\000a\000c\000e\000s\000\040\000t\000o\000\040\000Q\000u\000a\000d\000r\000i\000c\000s}{chapter.121}% 636
\BOOKMARK [1][-]{section.121.2}{\376\377\000Q\000u\000a\000d\000r\000i\000c\000s\000\040\000o\000n\000\040\000P\000l\000a\000n\000e\000\040\000a\000n\000d\000\040\000i\000n\000\040\000S\000p\000a\000c\000e}{chapter.121}% 637
\BOOKMARK [2][-]{subsection.121.2.1}{\376\377\000Q\000u\000a\000d\000r\000i\000c\000s\000\040\000o\000n\000\040\000P\000l\000a\000n\000e}{section.121.2}% 638
\BOOKMARK [2][-]{subsection.121.2.2}{\376\377\000Q\000u\000a\000d\000r\000i\000c\000s\000\040\000i\000n\000\040\000S\000p\000a\000c\000e}{section.121.2}% 639
\BOOKMARK [1][-]{section.121.3}{\376\377\000L\000i\000n\000e\000a\000r\000\040\000S\000p\000a\000c\000e\000s\000\040\000o\000n\000\040\000Q\000u\000a\000d\000r\000i\000c\000s}{chapter.121}% 640
\BOOKMARK [1][-]{section.121.4}{\376\377\000F\000a\000m\000i\000l\000i\000e\000s\000\040\000o\000f\000\040\000Q\000u\000a\000d\000r\000i\000c\000s}{chapter.121}% 641
\BOOKMARK [1][-]{section.121.5}{\376\377\000P\000e\000n\000c\000i\000l\000s\000\040\000o\000f\000\040\000Q\000u\000a\000d\000r\000i\000c\000s}{chapter.121}% 642
\BOOKMARK [0][-]{chapter.122}{\376\377\000C\000u\000b\000i\000c\000s}{part.55}% 643
\BOOKMARK [1][-]{section.122.1}{\376\377\000P\000l\000a\000n\000e\000\040\000C\000u\000b\000i\000c\000\040\000C\000u\000r\000v\000e}{chapter.122}% 644
\BOOKMARK [2][-]{subsection.122.1.1}{\376\377\000C\000l\000a\000s\000s\000i\000f\000i\000c\000a\000t\000i\000o\000n\000\040\000o\000f\000\040\000S\000m\000o\000o\000t\000h\000\040\000P\000l\000a\000n\000e\000\040\000C\000u\000b\000i\000c\000s}{section.122.1}% 645
\BOOKMARK [1][-]{section.122.2}{\376\377\000C\000u\000b\000i\000c\000\040\000S\000u\000r\000f\000a\000c\000e\000s}{chapter.122}% 646
\BOOKMARK [2][-]{subsection.122.2.1}{\376\377\000R\000a\000t\000i\000o\000n\000a\000l\000i\000t\000y\000\040\000o\000f\000\040\000C\000u\000b\000i\000c\000s}{section.122.2}% 647
\BOOKMARK [0][-]{chapter.123}{\376\377\000A\000l\000g\000e\000b\000r\000a\000i\000c\000\040\000G\000r\000o\000u\000p\000s}{part.55}% 648
\BOOKMARK [1][-]{section.123.1}{\376\377\000M\000a\000t\000r\000i\000x\000\040\000A\000l\000g\000e\000b\000r\000a\000i\000c\000\040\000G\000r\000o\000u\000p\000s}{chapter.123}% 649
\BOOKMARK [2][-]{subsection.123.1.1}{\376\377\000T\000h\000e\000\040\000G\000e\000n\000e\000r\000a\000l\000\040\000L\000i\000n\000e\000a\000r\000\040\000G\000r\000o\000u\000p\000,\000\040\000G\000L\000n\000K}{section.123.1}% 650
\BOOKMARK [2][-]{subsection.123.1.2}{\376\377\000S\000u\000b\000g\000r\000o\000u\000p\000\040\000S\000L\000n\000K}{section.123.1}% 651
\BOOKMARK [1][-]{section.123.2}{\376\377\000G\000r\000o\000u\000p\000\040\000A\000c\000t\000i\000o\000n}{chapter.123}% 652
\BOOKMARK [2][-]{subsection.123.2.1}{\376\377\000P\000G\000L\000n\000+\0001\000K\000\040\000o\000n\000\040\000P\000n}{section.123.2}% 653
\BOOKMARK [1][-]{section.123.3}{\376\377\000Q\000u\000o\000t\000i\000e\000n\000t}{chapter.123}% 654
\BOOKMARK [0][-]{chapter.124}{\376\377\000I\000n\000t\000e\000r\000s\000e\000c\000t\000i\000o\000n\000s\000\040\000a\000n\000d\000\040\000D\000e\000g\000r\000e\000e\000\040\000R\000e\000a\000s\000e\000a\000r\000c\000h}{part.55}% 655
\BOOKMARK [0][-]{chapter.125}{\376\377\000V\000a\000r\000i\000e\000t\000i\000e\000s\000\040\000o\000f\000\040\000A\000r\000b\000i\000t\000r\000a\000r\000y\000\040\000D\000i\000m\000e\000n\000s\000i\000o\000n}{part.55}% 656
\BOOKMARK [1][-]{section.125.1}{\376\377\000D\000i\000m\000e\000n\000s\000i\000o\000n\000\040\000o\000f\000\040\000A\000r\000b\000i\000t\000r\000a\000r\000y\000\040\000V\000a\000r\000i\000e\000t\000i\000e\000s}{chapter.125}% 657
\BOOKMARK [0][-]{chapter.126}{\376\377\000H\000i\000l\000b\000e\000r\000t\000\040\000F\000u\000n\000c\000t\000i\000o\000n\000s}{part.55}% 658
\BOOKMARK [1][-]{section.126.1}{\376\377\000H\000i\000l\000b\000e\000r\000t\000\040\000F\000u\000n\000c\000t\000i\000o\000n\000,\000\040\000H\000i\000l\000b\000e\000r\000t\000\040\000P\000o\000l\000y\000n\000o\000m\000i\000a\000l\000s}{chapter.126}% 659
\BOOKMARK [1][-]{section.126.2}{\376\377\000S\000y\000z\000y\000g\000i\000e\000s}{chapter.126}% 660
\BOOKMARK [0][-]{chapter.127}{\376\377\000R\000e\000s\000o\000l\000u\000t\000i\000o\000n\000s}{part.55}% 661
\BOOKMARK [0][-]{chapter.128}{\376\377\000S\000e\000g\000r\000e\000\040\000V\000a\000r\000i\000e\000t\000i\000e\000s}{part.55}% 662
\BOOKMARK [0][-]{chapter.129}{\376\377\000A\000p\000p\000e\000n\000d\000i\000x\000:\000\040\000F\000r\000o\000m\000\040\000C\000l\000a\000s\000s\000i\000c\000a\000l\000\040\000A\000l\000g\000e\000b\000r\000a\000i\000c\000\040\000G\000e\000o\000m\000e\000t\000r\000y\000\040\000t\000o\000\040\000A\000l\000g\000e\000b\000r\000a\000i\000c\000\040\000G\000e\000o\000m\000e\000t\000r\000y}{part.55}% 663
\BOOKMARK [0][-]{chapter.130}{\376\377\000P\000o\000l\000a\000r\000i\000t\000y}{part.55}% 664
\BOOKMARK [1][-]{section.130.1}{\376\377\000T\000h\000e\000\040\000P\000o\000l\000a\000r\000\040\000P\000a\000r\000i\000n\000g}{chapter.130}% 665
\BOOKMARK [2][-]{subsection.130.1.1}{\376\377\000H\000y\000p\000e\000r\000s\000u\000r\000f\000a\000c\000e}{section.130.1}% 666
\BOOKMARK [0][-]{chapter.131}{\376\377\000C\000o\000n\000i\000c\000s\000\040\000a\000n\000d\000\040\000Q\000u\000a\000d\000r\000i\000c\000\040\000S\000u\000r\000f\000a\000c\000e\000s}{part.55}% 667
\BOOKMARK [-1][-]{part.56}{\376\377\000L\000V\000I\000\040\000C\000u\000r\000v\000e\000\040\000a\000n\000d\000\040\000S\000u\000r\000f\000a\000c\000e\000s\000-\000A\000\040\000C\000l\000a\000s\000s\000i\000c\000a\000l\000\040\000V\000i\000e\000w}{}% 668
\BOOKMARK [-1][-]{part.57}{\376\377\000L\000V\000I\000I\000\040\000R\000a\000t\000i\000o\000n\000a\000l\000\040\000P\000o\000i\000n\000t\000s\000\040\000o\000n\000\040\000E\000l\000l\000i\000p\000t\000i\000c\000\040\000C\000u\000r\000v\000e}{}% 669
\BOOKMARK [-1][-]{part.58}{\376\377\000L\000V\000I\000I\000I\000\040\000A\000l\000g\000e\000b\000r\000a\000i\000c\000\040\000G\000r\000o\000u\000p}{}% 670
\BOOKMARK [-1][-]{part.59}{\376\377\000L\000I\000X\000\040\000S\000c\000h\000e\000m\000e\000s}{}% 671
\BOOKMARK [-1][-]{part.60}{\376\377\000L\000X\000\040\000I\000n\000t\000e\000r\000s\000e\000c\000t\000i\000o\000n\000\040\000T\000h\000e\000o\000r\000y}{}% 672
\BOOKMARK [-1][-]{part.61}{\376\377\000L\000X\000I\000\040\000A\000l\000g\000e\000b\000r\000a\000i\000c\000\040\000C\000u\000r\000v\000e\000s}{}% 673
\BOOKMARK [0][-]{chapter.132}{\376\377\000F\000u\000n\000d\000a\000m\000e\000n\000t\000a\000l\000\040\000C\000o\000n\000c\000e\000p\000t\000s}{part.61}% 674
\BOOKMARK [1][-]{section.132.1}{\376\377\000T\000h\000e\000\040\000P\000l\000a\000n\000e\000\040\000C\000u\000r\000v\000e\000\040\000i\000n\000\040\000P\000r\000o\000j\000e\000c\000t\000i\000v\000e\000\040\000P\000l\000a\000n\000e\000\040\000P\0002\000C}{chapter.132}% 675
\BOOKMARK [1][-]{section.132.2}{\376\377\000R\000i\000e\000m\000a\000n\000n\000\040\000S\000u\000r\000f\000a\000c\000e}{chapter.132}% 676
\BOOKMARK [1][-]{section.132.3}{\376\377\000H\000o\000l\000o\000m\000o\000r\000p\000h\000i\000c\000\040\000a\000n\000d\000\040\000M\000e\000r\000o\000m\000o\000r\000p\000h\000i\000c\000\040\000F\000u\000n\000c\000t\000i\000o\000n\000s}{chapter.132}% 677
\BOOKMARK [1][-]{section.132.4}{\376\377\000H\000o\000l\000o\000m\000o\000r\000p\000h\000i\000c\000\040\000a\000n\000d\000\040\000M\000e\000r\000o\000m\000o\000r\000p\000h\000i\000c\000\040\000D\000i\000f\000f\000e\000r\000e\000n\000t\000i\000a\000l\000s}{chapter.132}% 678
\BOOKMARK [1][-]{section.132.5}{\376\377\000D\000i\000f\000f\000e\000r\000e\000n\000t\000i\000a\000l\000\040\000F\000o\000r\000m\000s}{chapter.132}% 679
\BOOKMARK [1][-]{section.132.6}{\376\377\000P\000o\000i\000n\000c\000a\000r\000e\000-\000H\000o\000p\000f\000\040\000T\000h\000e\000o\000r\000e\000m}{chapter.132}% 680
\BOOKMARK [1][-]{section.132.7}{\376\377\000C\000o\000m\000p\000l\000e\000x\000\040\000M\000a\000n\000i\000f\000o\000l\000d\000s}{chapter.132}% 681
\BOOKMARK [1][-]{section.132.8}{\376\377\000A\000l\000g\000e\000b\000r\000a\000i\000c\000\040\000V\000a\000r\000i\000e\000t\000i\000e\000s}{chapter.132}% 682
\BOOKMARK [1][-]{section.132.9}{\376\377\000S\000m\000o\000o\000t\000h\000\040\000P\000o\000i\000n\000t\000s\000,\000\040\000T\000a\000n\000g\000e\000n\000t\000\040\000S\000p\000a\000c\000e\000s\000\040\000a\000n\000d\000\040\000I\000m\000p\000l\000i\000c\000i\000t\000\040\000F\000u\000n\000c\000t\000i\000o\000n\000\040\000T\000h\000e\000o\000r\000e\000m}{chapter.132}% 683
\BOOKMARK [1][-]{section.132.10}{\376\377\000H\000o\000l\000o\000m\000o\000r\000p\000h\000i\000c\000\040\000M\000a\000p\000p\000i\000n\000g\000\040\000f\000r\000o\000m\000\040\000C\000o\000m\000p\000a\000c\000t\000\040\000R\000i\000e\000m\000a\000n\000n\000\040\000S\000u\000r\000f\000a\000c\000e\000\040\000i\000n\000t\000o\000\040\000C\000o\000m\000p\000l\000e\000x\000\040\000P\000r\000o\000j\000e\000c\000t\000i\000v\000e\000\040\000S\000p\000a\000c\000e}{chapter.132}% 684
\BOOKMARK [0][-]{chapter.133}{\376\377\000T\000h\000e\000\040\000N\000o\000r\000m\000a\000l\000i\000z\000a\000t\000i\000o\000n\000\040\000T\000h\000e\000o\000r\000e\000m}{part.61}% 685
\BOOKMARK [1][-]{section.133.1}{\376\377\000S\000i\000n\000g\000u\000l\000a\000r\000i\000t\000i\000e\000s\000\040\000o\000f\000\040\000P\000l\000a\000n\000e\000\040\000A\000l\000g\000e\000b\000r\000a\000i\000c\000\040\000C\000u\000r\000v\000e\000s}{chapter.133}% 686
\BOOKMARK [1][-]{section.133.2}{\376\377\000C\000o\000n\000n\000e\000c\000t\000e\000d\000n\000e\000s\000s}{chapter.133}% 687
\BOOKMARK [1][-]{section.133.3}{\376\377\000N\000o\000r\000m\000a\000l\000i\000z\000a\000t\000i\000o\000n}{chapter.133}% 688
\BOOKMARK [0][-]{chapter.134}{\376\377\000T\000h\000e\000\040\000R\000i\000e\000m\000a\000n\000n\000-\000R\000o\000c\000h\000\040\000T\000h\000e\000o\000r\000e\000m}{part.61}% 689
\BOOKMARK [-1][-]{part.62}{\376\377\000L\000X\000I\000I\000\040\000A\000l\000g\000e\000b\000r\000a\000i\000c\000\040\000S\000u\000r\000f\000a\000c\000e\000s}{}% 690
\BOOKMARK [-1][-]{part.63}{\376\377\000L\000X\000I\000I\000I\000\040\000A\000b\000e\000l\000i\000a\000n\000\040\000V\000a\000r\000i\000e\000t\000i\000e\000s}{}% 691
\BOOKMARK [0][-]{chapter.135}{\376\377\000A\000n\000a\000l\000y\000t\000i\000c\000\040\000T\000h\000e\000o\000r\000y}{part.63}% 692
\BOOKMARK [1][-]{section.135.1}{\376\377\000C\000o\000m\000p\000l\000e\000x\000\040\000T\000o\000r\000i}{chapter.135}% 693
\BOOKMARK [-1][-]{part.64}{\376\377\000L\000X\000I\000V\000\040\000M\000o\000d\000u\000l\000i\000\040\000S\000p\000a\000c\000e}{}% 694
\BOOKMARK [-1][-]{part.65}{\376\377\000L\000X\000V\000\040\000H\000o\000d\000g\000e\000\040\000T\000h\000e\000o\000r\000y}{}% 695
\BOOKMARK [-1][-]{part.66}{\376\377\000L\000X\000V\000I\000\040\000R\000e\000s\000o\000l\000u\000t\000i\000o\000n\000\040\000o\000f\000\040\000S\000i\000n\000g\000u\000l\000a\000r\000i\000t\000i\000e\000s}{}% 696
\BOOKMARK [0][-]{chapter.136}{\376\377\000R\000e\000s\000o\000l\000u\000t\000i\000o\000n\000\040\000f\000o\000r\000\040\000C\000u\000r\000v\000e\000s}{part.66}% 697
\BOOKMARK [0][-]{chapter.137}{\376\377\000R\000e\000s\000o\000l\000u\000t\000i\000o\000n\000\040\000f\000o\000r\000\040\000S\000u\000r\000f\000a\000c\000e\000s}{part.66}% 698
\BOOKMARK [0][-]{chapter.138}{\376\377\000S\000t\000r\000o\000n\000g\000\040\000R\000e\000s\000o\000l\000u\000t\000i\000o\000n\000\040\000i\000n\000\040\000C\000h\000a\000r\000a\000c\000t\000e\000r\000i\000s\000t\000i\000c\000\040\000Z\000e\000r\000o}{part.66}% 699
\BOOKMARK [-1][-]{part.67}{\376\377\000L\000X\000V\000I\000I\000\040\000B\000i\000r\000a\000t\000i\000o\000n\000a\000l\000\040\000A\000l\000g\000e\000b\000r\000a\000i\000c\000\040\000G\000e\000o\000m\000e\000t\000r\000y}{}% 700
\BOOKMARK [-1][-]{part.68}{\376\377\000L\000X\000V\000I\000I\000I\000\040\000T\000h\000e\000o\000r\000e\000t\000i\000c\000\040\000C\000a\000t\000e\000g\000o\000r\000i\000c\000a\000l\000\040\000T\000h\000e\000o\000r\000y}{}% 701
\BOOKMARK [-1][-]{part.69}{\376\377\000L\000X\000I\000X\000\040\000E\000t\000a\000l\000e\000\040\000C\000o\000h\000o\000m\000o\000l\000o\000g\000y}{}% 702
\BOOKMARK [-1][-]{part.70}{\376\377\000L\000X\000X\000\040\000P\000R\000I\000S\000M\000S\000\040\000A\000N\000D\000\040\000P\000R\000I\000S\000M\000A\000T\000I\000C\000\040\000C\000O\000H\000O\000M\000O\000L\000O\000G\000Y}{}% 703
